COUNTRY,INDEX_TYPE,1900,1901,1902,1903,1904,1905,1906,1907,1908,1909,1910,1911,1912,1913,1914,1915,1916,1917,1918,1919,1920,1921,1922,1923,1924,1925,1926,1927,1928,1929,1930,1931,1932,1933,1934,1935,1936,1937,1938,1939,1940,1941,1942,1943,1944,1945,1946,1947,1948,1949,1950,1951,1952,1953,1954,1955,1956,1957,1958,1959,1960,1961,1962,1963,1964,1965,1966,1967,1968,1969,1970,1971,1972,1973,1974,1975,1976,1977,1978,1979,1980,1981,1982,1983,1984,1985,1986,1987,1988,1989,1990,1991,1992,1993,1994,1995,1996,1997,1998,1999,2000,2001,2002,2003,2004,2005,2006,2007,2008,2009,2010,2011,2012,2013,2014,2015,2016,2017,2018,2019,2020,2021,2022,2023,2024,2025
United States,Consumer price index (CPI),,,,,,,,,,,,,,,,,,,,,,,,,,,,,,,,,,,,,,,,,,,,,,,,,,,,,,,,12.27898402,12.46624521,12.88280583,13.23439828,13.36815627,13.56306078,13.70828375,13.872615,14.04458957,14.22420745,14.44968521,14.88535411,15.29809307,15.95159642,16.82293422,17.80510008,18.56943148,19.17707495,20.36178863,22.61274461,24.68026107,26.09809582,27.79491154,29.91593119,33.28281103,37.79236632,41.6980998,44.25478835,45.67644476,47.64077647,49.32994887,50.26625484,52.10829353,54.23313484,56.8509699,59.91976049,62.45734075,64.34906098,66.24842452,67.9758135,69.88282035,71.93122852,73.61275761,74.75543306,76.39110227,78.97072076,81.20256846,82.49046688,84.36307882,86.62167812,89.56053237,92.44970508,95.08699238,98.73747739,98.38641997,100,103.1568416,105.2915045,106.8338489,108.5669321,108.695722,110.0670089,112.4115573,115.1573032,117.2441955,118.6905016,124.2664138,134.2112062,139.7357936,143.857336,
United Kingdom,Consumer price index (CPI),,,,,,,,,,,,,,,,,,,,,,,,,,,,,,,,,,,,,,,,,,,,,,,,,,,,,,,,4.963509083,5.2107145,5.403057833,5.564762,5.597103083,5.65327425,5.848170667,6.093589083,6.216590833,6.420593667,6.727098333,6.990102167,7.163604583,7.50010975,7.9086155,8.412122917,9.20663425,9.857644417,10.76415667,12.49115917,15.51493,18.08412833,20.9487025,22.67972333,25.7236325,30.34512083,33.9490975,36.86833417,38.5677075,40.48094,42.9386975,44.41046833,46.25302417,48.175,50.95,55.05833333,59.16666667,61.88333333,63.46666667,64.875,66.625,68.525,70.03333333,71.30833333,72.55833333,73.41666667,74.54166667,75.675,76.71666667,77.78333333,79.40833333,81.35833333,83.3,86.23333333,87.925,90.11666667,93.59166667,96,98.2,99.625,99.99166667,101,103.5833333,105.9583333,107.8,108.8666667,111.6083333,120.45,128.6333333,132.8416667,
Austria,Consumer price index (CPI),,,,,,,,,,,,,,,,,,,,,,,,,,,,,,,,,,,,,,,,,,,,,,,,,,,,,,,,,,,14.4524175,14.6077825,14.89201333,15.41952417,16.09517667,16.5311575,17.17067583,18.0173475,18.38757167,19.1184175,19.64701583,20.25222333,21.1378175,22.132195,23.53872833,25.31144833,27.72155083,30.0627075,32.2629025,34.035625,35.25216667,36.55910583,38.872685,41.51721,43.77409833,45.2357875,47.79757417,49.32208583,50.16324667,50.86651167,51.84097,53.17242667,54.90684333,56.73931917,59.02072083,61.16422667,62.97065667,64.38331917,65.58147417,66.43795417,67.0508225,67.4323375,69.01353333,70.8423925,72.12489333,73.102585,74.60938,76.3247525,77.42501083,79.104015,81.64796083,82.06135167,83.5495625,86.295485,88.44051083,90.20945917,91.65805333,92.47982583,93.30436833,95.24628333,97.14966583,98.63692583,100,102.7666667,111.55,120.2666667,123.8,
Belgium,Consumer price index (CPI),,,,,,,,,,,,,,,,,,,,,,,,,,,,,,,,,,,,,,,,,,,,,,,,,,,,,,,,13.279585,13.65392,14.08643583,14.2680075,14.44342667,14.48668,14.63048583,14.83598667,15.15466417,15.78642583,16.42817583,17.113945,17.5812075,18.056155,18.73398167,19.46619417,20.31173333,21.41840417,22.90811417,25.81237917,29.108155,31.74786,34.00068833,35.52072083,37.10817167,39.57537833,42.593985,46.31097,49.85913583,53.02109,55.60254583,56.3222475,57.1971475,57.86116917,59.658945,61.71617167,63.70053833,65.24715917,67.04434417,68.63835083,69.64593917,71.0925,72.25,72.93583333,73.75333333,75.63,77.4975,78.7725,80.02416667,81.7025,83.975,85.47916667,87.0375,90.945,90.89666667,92.88666667,96.1675,98.89833333,99.99916667,100.3391667,100.9025,102.8941667,105.0816667,107.2391667,108.78,109.5858333,112.26,123.0341667,128.0158333,132.04,
Denmark,Consumer price index (CPI),,,,,,,,,,,,,,,,,,,,,,,,,,,,,,,,,,,,,,,,,,,,,,,,,,,,,,,,,,,,,,,,,,,,11.4254175,12.34004583,12.77045667,13.60243167,14.40087667,15.34591417,16.77360333,19.33580583,21.19312833,23.10269083,25.62602167,28.243375,30.95786,34.767325,38.85853083,42.791335,45.74745833,48.62533,50.90038833,52.77259833,54.89405333,57.38357167,60.12233083,61.71052417,63.18858583,64.51304667,65.32452833,66.6258025,68.01402333,69.46020417,70.97594167,72.28591,74.09146417,76.24254833,78.025,79.91666667,81.575,82.51666667,84.01666667,85.63333333,87.08333333,90.05833333,91.23333333,93.34166667,95.91666667,98.21666667,98.99166667,99.55,100,100.25,101.4,102.225,103,103.4333333,105.35,113.4583333,117.2083333,118.8166667,
France,Consumer price index (CPI),,,,,,,,,,,,,,,,,,,,,,,,,,,,,,,,,,,,,,,,,,,,,,,,,,,,,,,,7.409065333,7.549638583,7.780481667,8.967824083,9.489326,9.882178,10.11939583,10.65888917,11.19174333,11.55113167,11.86337083,12.17205583,12.5118725,13.0803125,13.87114333,14.60626417,15.39464,16.3280175,17.53312333,19.926275,22.254845,24.39698417,26.71336917,29.184505,32.29170167,36.67128917,41.55385333,46.53137,50.9330275,54.8415275,58.03939167,59.51273667,61.47005,63.1302425,65.33872917,67.42583333,69.5925,71.2375,72.73666667,73.94083333,75.26916667,76.76166667,77.68583333,78.19166667,78.61166667,79.92916667,81.23583333,82.79833333,84.53583333,86.34666667,87.85416667,89.32583333,90.655,93.205,93.28666667,94.715,96.715,98.605,99.45666667,99.96166667,99.99916667,100.1825,101.2166667,103.09,104.2325,104.7291667,106.4491667,112.0083333,117.4725,119.8208333,
Germany,Consumer price index (CPI),,,,,,,,,,,,,,,,,,,,,,,,,,,,,,,,,,,,,,,,,,,,,,,,,,,,,,,,19.89404833,20.41486417,20.84286,21.28632333,21.477115,21.807135,22.30732417,22.94158167,23.62224917,24.1740025,24.95780083,25.839575,26.30366667,26.69040667,27.20090833,28.1394075,29.61418667,31.238505,33.43520417,35.77113167,37.88532583,39.49417583,40.9689525,42.08277417,43.78444167,46.16677833,49.09571083,51.66883917,53.37050833,54.6544925,55.78378167,55.71159,55.85081667,56.5624225,58.13518,59.70277667,62.1189675,65.26031,68.1804325,70.01657,71.211165,72.2435325,73.64460333,74.31564083,74.75070917,75.82732,77.33162583,78.43035833,79.2415025,80.5614575,81.80767167,83.0981275,85.00800833,87.24234167,87.5151825,88.48118417,90.31732167,92.131335,93.51765667,94.36566917,94.85111083,95.31753833,96.75635167,98.432335,99.85533167,100,103.0666667,110.15,116.7,119.3333333,
San Marino,Consumer price index (CPI),,,,,,,,,,,,,,,,,,,,,,,,,,,,,,,,,,,,,,,,,,,,,,,,,,,,,,,,,,,,,,,,,,,,,,,,,,,,,,,,,,,,,,,,,,,,,,,,,,,,,,,,,,,,,,,91.64992705,94.30758782,96.97397666,98.52982034,99.62642081,99.77156264,100.4141667,101.4325,102.6125,103.0975,102.96,104.6233333,110.195,116.7316667,118.1816667,
Italy,Consumer price index (CPI),,,,,,,,,,,,,,,,,,,,,,,,,,,,,,,,,,,,,,,,,,,,,,,,,,,,,,,,3.515829333,3.63475975,3.682666083,3.787948833,3.7687305,3.85730175,3.936403333,4.121065667,4.4282795,4.690093667,4.902051583,5.017082583,5.20438725,5.270863583,5.41092375,5.67975575,5.951910583,6.294115917,6.973793417,8.309956167,9.7185355,11.33318917,13.27457,14.87999833,17.08202583,20.6802125,24.39630167,28.41691333,32.57901833,36.09575917,39.41873167,41.7143,43.69459667,45.9047775,48.77833917,51.92776583,55.17325083,58.08120667,60.76847,63.2307125,66.5411075,69.20739417,70.62137583,72.00208417,73.19981,75.05739083,77.14786333,79.0498075,81.1624575,82.95349917,84.60036917,86.36923083,87.94956417,90.89396833,91.59818583,92.99553083,95.581395,98.4883725,99.68992417,99.93022417,99.9689875,99.875,101.1,102.25,102.875,102.7333333,104.6583333,113.2416667,119.6083333,120.7833333,
Luxembourg,Consumer price index (CPI),,,,,,,,,,,,,,,,,,,,,,,,,,,,,,,,,,,,,,,,,,,,,,,,,,,,,,,,14.653085,14.73739917,15.4187525,15.51921417,15.57925667,15.64930417,15.72480167,15.8656875,16.32203583,16.82742833,17.38840083,17.96772667,18.35693583,18.83888417,19.27113,20.16518583,21.10734667,22.21034917,23.558095,25.80569167,28.57146083,31.37070583,33.47426667,34.51018167,36.07919667,38.35215,41.4482975,45.32663583,49.256125,52.42617917,54.57229083,54.73304083,54.7020275,55.48787167,57.358345,59.22465167,61.0714875,62.99778833,65.25821083,66.690475,67.93604917,68.74031667,69.68034917,70.34828417,71.0694925,73.30872667,75.26154,76.82252917,78.39726833,80.14214,82.13583333,84.32583333,86.27583333,89.21083333,89.53916667,91.575,94.69833333,97.22,98.90583333,99.5275,100,100.2908333,102.0266667,103.5858333,105.3916667,106.2558333,108.9408333,115.8433333,120.1775,122.6425,
Netherlands,Consumer price index (CPI),,,,,,,,,,,,,,,,,,,,,,,,,,,,,,,,,,,,,,,,,,,,,,,,,,,,,,,,,,,,,,15.62817083,16.00811083,16.5273575,17.4898725,18.17338333,19.22055917,19.88469333,20.62456167,22.15527333,22.968135,24.68561833,26.61178583,28.74663917,31.50385083,34.72274917,37.78899417,40.20722333,41.86054917,43.61839917,46.45946417,49.59033333,52.52166583,53.96120083,55.74280583,57.00180417,57.04931333,56.6549825,57.07306833,57.69068917,59.10647167,60.9731725,62.91430333,64.540125,66.3482325,67.624255,68.9425,70.39666667,71.77583333,73.32416667,75.055,78.17416667,80.74416667,82.43333333,83.475,84.88416667,85.81916667,87.20416667,89.3725,90.43583333,91.58916667,93.73333333,96.035,98.4425,99.40333333,100,100.3166667,101.7025,103.435,106.1591667,107.51,110.3866667,121.4266667,126.0875,130.3083333,
Norway,Consumer price index (CPI),,,,,,,,,,,,,,,,,,,,,,,,,,,,,,,,,,,,,,,,,,,,,,,,,,,,,,,,7.22089225,7.495632833,7.710646917,8.098866417,8.28401775,8.313881,8.4930595,8.9410055,9.161992333,9.699527833,10.10566883,10.43416,10.91196833,11.288245,11.62271,12.85904167,13.65937083,14.6508275,15.73784167,17.21905083,19.23182417,20.9937425,22.90497917,24.77440833,25.89166667,28.70833333,32.625,36.325,39.4,41.85,44.24166667,47.41666667,51.55,54.99166667,57.49166667,59.86666667,61.925,63.36666667,64.81666667,65.70833333,67.325,68.175,69.925,71.5,73.19166667,75.45,77.71666667,78.71666667,80.675,81.04166667,82.28333333,84.2,84.8,87.98333333,89.91666667,92.09166667,93.275,93.925,95.91666667,97.875,100,103.55,105.4916667,108.4083333,110.7583333,112.1833333,116.0916667,122.7833333,129.5583333,133.6333333,
Sweden,Consumer price index (CPI),,,,,,,,,,,,,,,,,,,,,,,,,,,,,,,,,,,,,,,,,,,,,,,,,,,,,,,,23.22173667,24.36931083,25.42217583,26.53910583,26.7524525,27.86048,28.46170167,29.8182425,30.674545,31.713695,33.30343,35.43645083,36.95643333,37.67454333,38.68874,41.40328083,44.4652775,47.13648,50.3031075,55.28901333,60.69620917,66.9171,74.57362417,82.02745583,87.94146,99.995,112.0983333,121.7266667,132.5275,143.1883333,153.745,160.2575,166.97,176.6958333,188.0808333,207.5783333,227.1833333,232.5775,243.5741667,248.8308333,254.94,256.2991667,257.9866667,257.2975,258.4866667,260.8108333,267.0858333,272.8508333,278.105,279.1441667,280.4091667,284.2233333,290.5108333,300.4958333,299.01,302.4725,311.4291667,314.1958333,314.0566667,313.4925,313.3458333,316.43,322.1083333,328.4008333,334.26,335.9225,343.1891667,371.9116667,403.705,415.1533333,
Switzerland,Consumer price index (CPI),,,,,,,,,,,,,,,,,,,,,,,,,,,,,,,,,,,,,,,,,,,,,,,,,,,,,,,,22.99658,23.34411833,23.8026875,24.24103583,24.08358417,24.4300975,24.88093,25.95478917,26.84768917,27.6747475,28.61969583,29.98656667,31.1875875,31.93478667,32.729655,33.913155,36.14234167,38.54942417,41.92429917,46.01921917,49.10094,49.943255,50.59051917,51.11099083,52.97533583,55.10626917,58.68283667,62.00141083,63.830325,65.70148333,67.95859167,68.46849167,69.45465833,70.755175,72.98769167,76.93191667,81.43981667,84.72756667,87.517325,88.263075,89.85165833,90.580925,91.05215,91.06848333,91.8029,93.233675,94.155775,94.760925,95.36575833,96.13145833,97.258075,98.28853333,99.00835,101.4103333,100.923075,101.6176667,101.8527583,101.147375,100.9275583,100.9142333,99.75986667,99.32629167,99.85648333,100.791475,101.1572333,100.4229583,101.0072333,103.8708167,106.088875,107.2159,
Canada,Consumer price index (CPI),,,,,,,,,,,,,,,6.008333333,6.133333333,6.683333333,7.883333333,8.916666667,9.766666667,11.35833333,9.983333333,9.2,9.2,9.025,9.133333333,9.2,9.066666667,9.133333333,9.225,9.133333333,8.233333333,7.458333333,7.133333333,7.216666667,7.25,7.4,7.666666667,7.708333333,7.65,7.975,8.45,8.841666667,9.033333333,9.091666667,9.15,9.433333333,10.28333333,11.75,12.15833333,12.48333333,13.8,14.15833333,14.01666667,14.10833333,14.13333333,14.325,14.8,15.15,15.33333333,15.54166667,15.7,15.86666667,16.125,16.43333333,16.81666667,17.45833333,18.08333333,18.81666667,19.675,20.33333333,20.88333333,21.925,23.56666667,26.15833333,28.95,31.13333333,33.61666667,36.63333333,39.98333333,44.03333333,49.525,54.85833333,58.075,60.575,62.975,65.61666667,68.475,71.23333333,74.78333333,78.35833333,82.76666667,84,85.56666667,85.70833333,87.55,88.925,90.36666667,91.26666667,92.85,95.375,97.78333333,99.99166667,102.75,104.6583333,106.975,109.1166667,111.45,114.0916667,114.4333333,116.4666667,119.8583333,121.675,122.8166667,125.1583333,126.5666667,128.375,130.425,133.3833333,135.9833333,136.9583333,141.6083333,151.2416667,157.1083333,160.85,
Japan,Consumer price index (CPI),,,,,,,,,,,,,,,,,,,,,,,,,,,,,,,,,,,,,,,,,,,,,,,,,,,,,,,,16.68001006,16.74599348,17.26485156,17.18237556,17.36832437,17.98915713,18.95489816,20.25054891,21.6087341,22.42995016,23.92288561,25.12879809,26.13139896,27.52666749,28.97176824,30.97782383,32.95896373,34.55533679,38.56673575,47.52279793,53.09782383,58.07523316,62.81523316,65.45948187,67.8826943,73.16300518,76.75689119,78.86082902,80.35896373,82.17637306,83.84642487,84.34580311,84.45222798,85.02528497,86.9573057,89.63430052,92.54870466,94.17782383,95.34849741,96.01160622,95.88880829,96.01979275,97.69803109,98.34476684,98.00911917,97.34601036,96.62559585,95.73326425,95.48766839,95.47948187,95.20932642,95.44673575,95.50404145,96.82207254,95.51222798,94.81666667,94.55833333,94.51666667,94.83333333,97.45,98.225,98.1,98.575,99.55,100.0166667,99.99166667,99.75833333,102.25,105.5916667,108.4833333,
Finland,Consumer price index (CPI),,,,,,,,,,,,,,,,,,,,,,,,,,,,,,,,,,,,,,,,,,,,,,,,,,,,,,,,5.42278625,6.054611,6.736436917,7.12841925,7.23189625,7.479091667,7.60556325,7.938989833,8.335652083,9.192212083,9.646361417,10.02002808,10.55888333,11.52942083,11.783715,12.10663833,12.89063583,13.74947417,15.2281575,17.80725917,20.97898083,23.98793167,26.81691167,28.90845667,31.06704,34.669145,38.58875417,42.28745833,45.82535083,49.06412917,51.61331583,53.12743333,55.31258,58.12573833,61.95791583,65.76805833,68.60280167,70.60553917,72.15226167,72.93768,73.51479167,73.9773425,74.85956583,75.90720583,76.78942333,79.125435,81.1656375,82.44092833,83.16429833,83.31991583,83.8397275,85.15321417,87.29112667,90.84034333,90.8403425,91.916015,95.05660833,97.7261175,99.17078917,100.2033517,99.995,100.3516667,101.1083333,102.2041667,103.2508333,103.5508333,105.8233333,113.3616667,120.4475,122.3333333,
Greece,Consumer price index (CPI),,,,,,,,,,,,,,,,,,,,,,,,,,,,,,,,,,,,,,,,,,,,,,,,,,,,,,,,0.995442983,1.0315885,1.054977,1.06967275,1.09758725,1.113807917,1.13723775,1.131831,1.167876,1.175085333,1.212933333,1.2724085,1.295838083,1.297640083,1.33188375,1.3697315,1.414788417,1.47606575,1.703152917,2.15552475,2.449296083,2.76829925,3.11073225,3.50182675,4.170471667,5.199572833,6.473783667,7.832701333,9.413299833,11.150695,13.3044175,16.36648917,19.05008,21.62733833,24.58067333,29.603365,35.36295,40.97755167,46.882935,51.98102083,56.6252725,61.26546,64.6571175,67.73882167,69.52484583,71.7157,74.135365,76.82600333,79.53846083,81.84416,84.745595,87.45401917,89.98581583,93.72274417,94.8568575,99.32745083,102.6349092,104.176,103.2162583,101.8617917,100.093585,99.26715833,100.3801958,101.0081958,101.2637542,99.99999917,101.2238242,110.987125,114.8326083,117.9807333,
Iceland,Consumer price index (CPI),,,,,,,,,,,,,,,,,,,,,,,,,,,,,,,,,,,,,,,,,,,,,,,,,,,,,,,,0.042703253,0.046999618,0.048995908,0.05186015,0.052380923,0.053422464,0.055939525,0.062101987,0.070130546,0.083627208,0.089746268,0.099337132,0.102635342,0.11826855,0.144007683,0.163265075,0.174255875,0.191352683,0.232215917,0.330945258,0.494304267,0.652655183,0.850518967,1.222621,1.76600825,2.799625083,4.249641667,6.38479875,11.74484025,15.368405,20.28546917,24.77431917,29.30746667,36.84696167,44.49572583,51.39733417,54.896865,57.064035,59.37105,60.29287833,61.28845333,62.67382917,63.81162917,64.87041833,66.96692167,70.40665833,74.916265,78.80968,80.42974167,82.96986833,86.27791667,92.04738917,96.69721583,108.9723417,122.0524333,128.639275,133.7861667,140.7241833,146.1734167,149.1621,151.598,154.1705083,156.88455,161.0936333,165.94895,170.67505,178.2602583,193.0714667,209.938775,222.23455,
Ireland,Consumer price index (CPI),,,,,,,,,,,,,,,,,,,,,,,,,,,,,,,,,,,,,,,,,,,,,,,,,,,,,,,,,,,,,,,,,,,,,,,,,,,,,14.047815,15.9403725,17.1695525,19.452325,22.98379,27.666395,32.41038667,35.7965025,38.8932975,40.99178,42.5605525,43.905215,44.8424025,46.6760325,48.22443,49.772825,51.30085,52.0546725,53.25672,54.60138,55.56004083,56.41666667,57.775,58.71666667,61.99166667,65,68.00833333,70.38333333,71.91666667,73.68333333,76.58333333,80.325,83.56666667,79.85,79.11666667,81.13333333,82.50833333,82.93333333,83.09166667,82.81666667,82.83333333,83.13333333,83.525,84.30833333,84.03333333,86,92.73333333,98.575,100.6583333,
Malta,Consumer price index (CPI),,,,,,,,,,,,,,,,,,,,,,,,,,,,,,,,,,,,,,,,,,,,,,,,,,,,,,,,,,,,,,,,,,,,,,,,,,,,,,,,,,,,,,,,,,,,,,,,,,,,,,,,,,80.48583333,82.71833333,83.75166667,87.31833333,89.13833333,90.48934523,93.17053121,95.38409587,96.50989944,96.8093759,97.87480981,98.50385392,99.84779567,101.003857,102.662401,103.3179466,104.865538,111.3187076,116.9892465,118.9204987,
Portugal,Consumer price index (CPI),,,,,,,,,,,,,,,,,,,,,,,,,,,,,,,,,,,,,,,,,,,,,,,,,,,,,,,,1.002754558,1.034837417,1.049555667,1.06634125,1.07750425,1.110331417,1.127530417,1.157546,1.18094675,1.221629167,1.263469083,1.327138667,1.400482667,1.485651083,1.616132417,1.719244,1.924640333,2.129871583,2.406214083,3.009759417,3.469400417,4.20289775,5.5065,6.665,8.124583333,9.41375,11.20616667,13.63558333,16.9085,21.70791667,25.93258333,29.13041667,31.93708333,35.16325,39.62416667,45.02516667,50.36041667,55.1745,58.91741667,62.111,64.73383333,66.7205,68.27966667,70.03633333,71.67525,73.72016667,76.94166667,79.71183333,82.27775,84.22391667,86.14183333,88.81883333,90.99841667,93.35391667,92.57391667,93.87233333,97.3015,100,100.2744167,99.9955,100.4834167,101.09375,102.4773333,103.4956667,103.8456667,103.83275,105.1469167,113.38275,118.271,121.1285833,
Spain,Consumer price index (CPI),,,,,,,,,,,,,,,,,,,,,,,,,,,,,,,,,,,,,,,,,,,,,,,,,,,,,,,,1.736994833,1.838654917,2.03672325,2.30921575,2.478014083,2.507199417,2.527489,2.671719583,2.905326667,3.108096583,3.51880475,3.738391083,3.97733525,4.174387,4.26456825,4.508976833,4.880376167,5.284094917,5.887364583,6.810525333,7.965133167,9.368978333,11.66794417,13.975125,16.1636625,18.67903583,21.39671333,24.48105,27.46139083,30.55911167,33.25273083,36.17728833,38.07587917,39.9177125,42.62869833,45.4941225,48.19384083,51.0491,53.38157,55.90033333,58.513005,60.5953925,61.7897725,62.92320083,64.37694583,66.58733833,68.97771333,71.09233333,73.25275,75.47908333,78.02183333,80.76475,83.0155,86.39866667,86.15,87.70058333,90.50358333,92.71741667,94.02341667,93.88133333,93.41158333,93.22233333,95.04583333,96.63783333,97.31383333,96.99975,100.0000833,108.3906667,112.2194167,115.3325833,
Turkey,Consumer price index (CPI),,,,,,,,,,,,,,,,,,,,,,,,,,,,,,,,,,,,,,,,,,,,,,,,,,,,,,,,5.01E-05,5.73E-05,6.40E-05,7.19E-05,9.11E-05,9.63E-05,9.93E-05,1.03E-04,1.10E-04,1.11E-04,1.16E-04,1.26E-04,1.43E-04,1.52E-04,1.60E-04,1.72E-04,2.05E-04,2.37E-04,2.70E-04,3.34E-04,4.05E-04,4.76E-04,5.99E-04,9.70E-04,0.001586286,0.003081533,0.004240644,0.005476263,0.007195276,0.010677238,0.015477908,0.020834824,0.028930371,0.048837256,0.079737834,0.127822833,0.212158508,0.360830925,0.59931795,1.22989025,2.32588625,4.196181417,7.79102325,14.38545,23.71693,36.74117,56.72843583,82.23587833,100.0008333,108.5991667,117.4816667,128.7566667,140.0308333,154.6558333,164.3233333,178.4,189.9458333,206.835,222.3333333,242.02,260.585,280.8458333,312.1441667,363.125,418.2358333,469.5908333,561.6141667,967.7108333,1488.914167,2360.025,
Australia,Consumer price index (CPI),,,,,,,,,,,,,,,,,,,,,,,,,,,,,,,,,,,,,,,,,,,,,,,,,,4.025,4.375,5.225,6.125,6.4,6.5,6.6,6.975,7.175,7.225,7.375,7.65,7.825,7.8,7.85,8.075,8.35,8.625,8.925,9.15,9.45,9.775,10.375,11,12,13.85,15.95,18.075,20.3,21.925,23.925,26.35,28.85,32.125,35.35,36.75,39.225,42.775,46.425,49.775,53.525,57.45,59.275,59.875,60.925,62.125,65,66.7,66.85,67.425,68.425,71.475,74.625,76.85,78.95,80.8,82.975,85.925,87.925,91.75,93.375,96.1,99.275,101.025,103.5,106.075,107.675,109.05,111.175,113.3,115.125,116.1,119.425,127.3,134.425,138.675,
New Zealand,Consumer price index (CPI),,,,,,,,,,,,,,,,0.34812475,0.3757945,0.412473,0.46330825,0.99675625,1.132853,1.170175,1.0424435,1.0150955,1.036974,1.56463075,2.0958265,2.07877375,2.0803825,2.07447875,2.033343,1.8754985,1.72904,1.65037675,1.67314775,1.735768,1.7849325,1.91017275,1.96606525,2.0561135,2.14150525,2.22120325,2.29365625,2.34954875,2.390433,2.42303675,2.4416675,2.52188325,2.71905925,2.76409175,2.92168775,3.24373125,3.495199,3.65347975,3.82203875,3.91796675,4.054554,4.14273925,4.326948,4.49254,4.52389475,4.605221,4.72868025,4.82176425,4.989316,5.1588275,5.300978,5.622054,5.86447275,6.15331225,6.55433475,7.23517075,7.736771,8.3686075,9.29830975,10.663765,12.4666725,14.2598225,15.964815,18.15193,21.265085,24.5335625,28.4990925,30.5912325,32.479095,37.48661,42.439865,49.121725,52.2533575,55.240155,58.608945,60.13418,60.7442775,61.52679,62.600665,64.951285,66.435885,67.2245775,68.0751325,67.997345,69.775635,71.607815,73.5248225,74.814135,76.527565,78.851725,81.5054025,83.4420875,86.7455175,88.58075,90.6199,94.269985,95.269165,96.34992,97.5326225,97.818105,98.450245,100.27235,101.875,103.525,105.3,109.45,117.3,124.025,127.65,
South Africa,Consumer price index (CPI),,,,,,,,,,,,,,,,,,,,,,,,,,,,,,,,,,,,,,,,,,,,,,,,,,,,,,,,,,0.817072008,0.84536265,0.85567195,0.866700508,0.884921592,0.89595015,0.9079377,0.930953817,0.9688345,1.002639433,1.0381225,1.058741,1.093025333,1.147588333,1.215955,1.294088333,1.416172417,1.582206333,1.794632167,1.992408,2.2146005,2.46120975,2.788394667,3.169296083,3.652747917,4.187475167,4.702668833,5.244721083,6.09930775,7.237128917,8.406692,9.481029667,10.87766833,12.43545833,14.34240833,16.332375,17.91946167,19.52120417,21.2157275,22.7759575,24.73418333,26.43603,27.80581,29.29035083,30.96045583,33.9000625,35.82539083,35.577465,36.31137583,37.48928333,39.80530083,43.75,46.91666667,48.825,51.26666667,54.20833333,57.34166667,60.85833333,63.60833333,67.80833333,71.325,74.54166667,77.6,80.10833333,83.80833333,89.70833333,95.15833333,99.30833333,
Argentina,Consumer price index (CPI),,,,,,,,,,,,,,,,,,,,,,,,,,,,,,,,,,,,,,,,,,,,,,,,,,,,,,,,,,,,,,,,,,,,,,,,,,,,,,,,,,,,,,,,,,,,,,,,,,,,,,,,,,,,,,,,,,,,,,112.8871083,151.581675,232.7510917,330.5416833,490.5548583,845.8674583,1975.006925,6317.72975,
Bolivia,Consumer price index (CPI),,,,,,,,,,,,,,,,,,,,,,,,,,,,,,,,,,,,,,,,,,,,,,,,,,,,,,,,,,,,,,,,,,,,,,,,,,,,,,,,,,,,,,,,,,,,,,,,,,,,,,,,,,50.945,53.12666667,57.75166667,65.84083333,68.04416667,69.7475,76.64166667,80.1025,84.6975,89.58166667,93.21833333,96.59583333,99.3225,101.5791667,103.4477612,104.4209379,105.1909209,107.0279002,109.7858893,115.3847124,
Brazil,Consumer price index (CPI),,,,,,,,,,,,,,,,,,,,,,,,,,,,,,,,,,,,,,,,,,,,,,,,,,,,,,,,,,,,,,,,,,,,,,,,,,,,,,,,,1.11E-08,2.24E-08,4.50E-08,1.06E-07,3.09E-07,1.01E-06,2.49E-06,8.17E-06,5.96E-05,9.12E-04,0.027803296,0.14813225,1.558295058,31.59257467,687.4191667,1141.164167,1320.985,1412.485833,1457.615833,1528.433333,1636.098333,1748.013333,1895.723333,2174.6775,2318.145,2477.390833,2581.034167,2675.016667,2826.92,2965.100833,3114.504167,3321.196667,3500.6575,3717.849167,3953.153333,4310.119167,4686.786667,4848.310833,5025.994167,5213.613333,5381.0625,5827.78,6368.604167,6661.15,6952.073333,
Chile,Consumer price index (CPI),,,,,,,,,,,,,,,,,,,,,,,,,,,,,,,,,,,,,,,,,,,,,,,,,,,,,,,,,,,,,,,,,,,,,,,6.57E-04,7.88E-04,0.001401799,0.0063475,0.038385782,0.182230847,0.568422298,1.091110091,1.528505845,2.038862009,2.755284284,3.297712492,3.625538979,4.613759197,5.530061262,7.227983561,8.635766204,10.35262956,11.87284605,13.89454676,17.51219781,21.3271272,24.61700857,27.75020405,30.9256931,33.4716911,35.93491228,38.13911116,40.08811491,41.42580687,43.01791371,44.55326629,45.66237449,46.94556883,47.44072192,48.88888612,50.54720561,52.77522503,57.37525546,57.57781604,58.39007267,60.34101167,62.15573646,63.26804788,66.25346162,69.13467462,71.75224722,73.31839677,75.10361894,77.02442761,79.37019951,82.96135846,92.62126846,99.64351897,103.9258376,
Colombia,Consumer price index (CPI),,,,,,,,,,,,,,,,,,,,,,,,,,,,,,,,,,,,,,,,,,,,,,,,,,,,,,,,,,,,,,,,,,,,,,,0.11691215,0.130871767,0.14715805,0.180312242,0.2233545,0.275703217,0.330378542,0.4420558,0.520578875,0.646215775,0.817803208,1.042320958,1.299993,1.55475675,1.806030583,2.2411065,2.663386167,3.284009167,4.2070915,5.295362917,6.839068417,8.91731225,11.32593417,13.867755,17.03601583,20.595145,24.87843583,29.47348833,34.97824583,38.78167083,42.359415,45.73358,48.63835167,52.10616333,55.18252167,57.96980167,60.45869083,63.81075333,68.27551833,71.14480833,72.76122,75.24604,77.63081417,79.19662167,81.49240333,85.55873667,91.98715833,95.9557725,99.06528583,102.555375,105.146575,108.8215083,119.896525,133.9674667,142.8214917,
Costa Rica,Consumer price index (CPI),,,,,,,,,,,,,,,,,,,,,,,,,,,,,,,,,,,,,,,,,,,,,,,,,,,,,,,,,,,,,,,,,,,,,,,,,,,,,0.471333333,0.491083333,0.520583333,0.568416667,0.6715,0.920333333,1.74975,2.320583333,2.597833333,2.989,3.34275,3.90575,4.719416667,5.498583333,6.5455,8.424666667,10.2605,11.26383333,12.78833333,15.7535,18.51216667,20.96466667,23.409,25.7605,28.58425,31.80158333,34.717,37.99691667,42.67616667,48.56475,54.13541667,59.201,67.14841667,72.41466667,76.51533333,80.24775,83.85525,88.242,92.22983333,92.9695,92.95325,94.46458333,96.56275,98.58675,99.30141667,101.0158333,109.3746662,109.9490948,109.4945,
Dominican Republic,Consumer price index (CPI),,,,,,,,,,,,,,,,,,,,,,,,,,,,,,,,,,,,,,,,,,,,,,,,,,,,,,,,,,,,,,,,,,,,,,,,,,,,,,,,,,,,,,,,,,,,,,,,,,,,21.71410705,23.39133414,25.46920237,26.79955246,34.15595262,51.73289953,53.90061283,57.98240127,61.54458868,68.09577695,69.07782109,73.45040033,77.7081497,80.57907502,84.47181063,87.00481804,87.73282768,89.14898121,92.07267282,95.35454271,97.08103566,100.7517005,109.0566667,118.66575,124.3446333,128.4507833,
Ecuador,Consumer price index (CPI),,,,,,,,,,,,,,,,,,,,,,,,,,,,,,,,,,,,,,,,,,,,,,,,,,,,,,,,,,,,,,,,,,,,,,0.015350124,0.016143922,0.017681093,0.019011616,0.021317372,0.026157286,0.029895077,0.032936791,0.037200265,0.042072807,0.046329394,0.051846895,0.059130331,0.068759402,0.102051482,0.133911528,0.1713982,0.210871593,0.273087142,0.432068335,0.758920211,1.127141566,1.676263303,2.591634176,3.756704713,4.782693896,5.879563343,7.31485055,9.557405801,13.00747955,19.80284768,38.83266659,53.46355154,60.13772639,64.90626614,66.6867956,68.13275006,70.3802781,71.98226328,78.02884246,82.05510599,84.97165409,88.7737385,93.30272768,95.84221872,99.28220696,103.2203809,105.0043022,105.4425225,105.2062224,105.4860841,105.1286209,105.2687063,108.9174983,111.3307698,113.0534189,
El Salvador,Consumer price index (CPI),,,,,,,,,,,,,,,,,,,,,,,,,,,,,,,,,,,,,,,,,,,,,,,,,,,,,,,,,,,,,,,,,,,,,,,,,,,,,,,,,,,,,,,,,,,,,,,,,,,,,,,,,,,,,,99.915,101.0933333,106.2783333,108.1166667,108.9358333,110.1791667,109.3733333,110.034002,111.1479356,112.3598149,112.444449,112.0266164,115.9104961,124.2544478,129.2812198,130.385,
Guatemala,Consumer price index (CPI),,,,,,,,,,,,,,,,,,,,,,,,,,,,,,,,,,,,,,,,,,,,,,,,,,,,,,,,,,,,,,,,,,,,,,,,,,,,,,,,,,,,,,,,,,,,,,,,,,,,,,,,,,41.97596454,44.7299458,47.78125162,53.20717642,54.19635239,56.28806554,59.78587569,62.04686245,64.74178808,66.95489656,68.55426179,71.60385836,74.77199725,77.5773393,80.44768842,83.0336316,86.57173722,92.53231234,98.27540056,101.0958333,
Haiti,Consumer price index (CPI),,,,,,,,,,,,,,,,,,,,,,,,,,,,,,,,,,,,,,,,,,,,,,,,,,,,,,,,,,,,,,,,,,,,,,,,,,,,,,,,,,,,,,,,,,,,,,,,,,15.71567933,16.54374404,17.04078333,18.63123747,21.11230761,22.59710962,29.08238467,35.19894352,40.11729483,44.66868827,47.59771588,54.87149148,55.08762262,57.74689051,61.40388261,64.48515496,67.5578881,69.88064084,74.58489426,83.16432558,92.04634934,103.5350326,122.9,150.9166667,176.3333333,236.2583333,323.2333333,410.3416667,
Honduras,Consumer price index (CPI),,,,,,,,,,,,,,,,,,,,,,,,,,,,,,,,,,,,,,,,,,,,,,,,,,,,,,,,,,,,,,,,,,,,,,,,,,,,,,,,,,,,,,,,,,,,,,,,,,,,,105.9584322,116.2090158,125.1460815,134.75,145.6833333,158.5166667,167.3583333,178.9666667,199.375,210.3333333,220.2166667,235.1083333,247.325,260.0916667,276.0333333,284.75,292.5083333,304.0166667,317.2333333,331.0833333,342.5666667,357.9166667,390.45,416.4666667,435.65,
Mexico,Consumer price index (CPI),,,,,,,,,,,,,,,,,,,,,,,,,,,,,,,,,,,,,,,,,,,,,,,,,,,,,,,,,,,,,,,,,,,,,,0.011793968,0.012384069,0.013061358,0.013707071,0.015363151,0.019017125,0.021859146,0.025318295,0.032676836,0.038381327,0.045363368,0.057317365,0.073328262,0.116528448,0.235241733,0.389204642,0.613964283,1.14340605,2.650728333,5.676859667,6.81267875,8.628371583,10.58376417,12.22508333,13.4172075,14.351825,19.37485917,26.0356225,31.40563333,36.40804667,42.44654583,46.47538583,49.43481667,51.9217475,54.2825775,56.82756667,59.0938825,61.23867583,63.66792167,66.93089167,70.47645917,73.40597333,75.9071925,79.02812417,82.03624333,85.332965,87.65456833,90.12792417,95.57296417,100.2554183,103.9006667,107.43,113.5419167,122.5075,129.2796667,135.3845833,
Nicaragua,Consumer price index (CPI),,,,,,,,,,,,,,,,,,,,,,,,,,,,,,,,,,,,,,,,,,,,,,,,,,,,,,,,,,,,,,,,,,,,,,,,,,,,,,,,,,,,,,,,,,,,,,,,,,,,,,,,,,87.5077455,95.50612816,106.1330327,127.1751834,131.8641344,139.0575,150.2966667,161.1083333,172.6041667,183.0225,190.3386048,197.0445634,204.6321026,214.7557383,226.3016293,234.6336331,246.1973498,271.9678714,294.7796078,308.4123936,
Panama,Consumer price index (CPI),,,,,,,,,,,,,,,,,,,,,,,,,,,,,,,,,,,,,,,,,,,,,,,,,,,,,,,,,,,,,,,,,,,,,,,,,,,,,,,,,,,,,,,,,,,,,,,,,,,,,,,,67.56323747,67.88397575,69.82266284,71.53882951,74.52102077,81.04808087,83.00057213,85.89836175,90.94557978,96.12784044,99.9990623,102.6255647,102.7666667,103.5268667,104.4333333,105.228675,104.855025,103.2294833,104.91285,107.9129917,109.517025,110.276225,
Peru,Consumer price index (CPI),,,,,,,,,,,,,,,,,,,,,,,,,,,,,,,,,,,,,,,,,,,,,,,,,,,,,,,,,,,,,,,,,,,,,,,,,,,,,,,,,,,,,,,,,,,,,,,,,,,,,,,,,,,,,,,69.7506717,72.10078872,74.70450174,76.77224515,79.39167254,82.08947457,85.00954218,87.55549335,88.87684078,90.87845559,92.69821674,96.65797292,104.7131645,111.4730417,113.7110942,
Paraguay,Consumer price index (CPI),,,,,,,,,,,,,,,,,,,,,,,,,,,,,,,,,,,,,,,,,,,,,,,,,,,,,,,,,,,,,,,,,,,,,,,,,,,,,,,,,,,,,,,,,,,,,,,,,,,,,,,,,,51.9288631,56.90850323,61.53543439,67.78422523,69.54115624,72.77562863,78.78250591,81.678487,83.8706211,88.08833011,90.84461638,94.55727488,97.96367935,101.8583333,104.6666667,106.5166667,111.6166667,122.5166667,128.1916667,133.1083333,
Uruguay,Consumer price index (CPI),,,,,,,,,,,,,,,,,,,,,,,,,,,,,,,,,,,,,,,,,,,,,,,,,,,,,,,,,,,,,,,,,,,,,,,,,,,,,,,,,,,,,,,,,,,,,,,,,,,,,,,,,,26.29069322,27.97267969,30.24256351,32.62479254,34.92882676,37.26860717,40.28469297,43.54685306,47.28105451,51.47836078,55.93961445,61.33186519,65.14553811,70.10085536,75.62619686,83.00459594,89.43572067,97.57828838,103.3052592,108.3146797,
Venezuela,Consumer price index (CPI),,,,,,,,,,,,,,,,,,,,,,,,,,,,,,,,,,,,,,,,,,,,,,,,,,,,,,,,,,,,,,,,,,,,,,,,,,,,,,,,,,,,,,,,,,,,,,,,,,,,,,,,,,,,,,,189.1833333,238.5416667,288.8,406.1666667,658.675,1460.533333,5184.141667,,,,,,,,,
Antigua and Barbuda,Consumer price index (CPI),,,,,,,,,,,,,,,,,,,,,,,,,,,,,,,,,,,,,,,,,,,,,,,,,,,,,,,,,,,,,,,,,,,,,,,,,,,,,,,,,,,,,,,,,,,,,,,,,,,,,,71.96597197,73.69866646,75.16787189,76.69383801,78.30345144,79.70334909,80.83199044,85.14341231,84.67498732,87.5285559,90.55419897,93.61210601,94.60392423,95.63457871,96.56127153,96.08866417,98.42600929,99.61416667,101.04,101.6725,103.77,111.585,117.2391667,124.5066667,
"Anguilla, United Kingdom-British Overseas Territory",Consumer price index (CPI),,,,,,,,,,,,,,,,,,,,,,,,,,,,,,,,,,,,,,,,,,,,,,,,,,,,,,,,,,,,,,,,,,,,,,,,,,,,,,,,,,,,,,,,,,,,,,,,,,,,,,72.27724715,72.66592949,74.9980235,78.2664886,81.87240064,88.78211254,92.70957087,99.61751603,98.94085541,101.0225,105.795,107.285,107.4425,107.17,106.1275,105.573687,106.94,107.3425,108.2175,107.705,109.64,115.73,119.6725,119.09,
Bahamas,Consumer price index (CPI),,,,,,,,,,,,,,,,,,,,,,,,,,,,,,,,,,,,,,,,,,,,,,,,,,,,,,,,,,,,,,,,,,,,,,,,,,,,,,,,,,,,,,,,,,,,,,,,,,,,,,,,,,,,,,,93.07076812,96.04789855,97.94327662,98.65083333,100.1441667,102.0083333,101.655,103.1983333,105.5366667,108.1658333,108.2075,111.3508333,117.5925,121.1825,121.6783333,
Aruba,Consumer price index (CPI),,,,,,,,,,,,,,,,,,,,,,,,,,,,,,,,,,,,,,,,,,,,,,,,,,,,,,,,,,,,,,,,,,,,,,,,,,,,,,,,,,,,,,,,,,,,,,,,,,,,,,67.177,69.40408333,71.94175,73.76125,76.2675,79.01925,83.28041667,90.739,88.80133333,90.64675,94.55933333,95.15266667,92.89558333,93.28708333,93.72997645,92.85716667,91.90233333,95.23475,99.28933333,,,,,,
Barbados,Consumer price index (CPI),,,,,,,,,,,,,,,,,,,,,,,,,,,,,,,,,,,,,,,,,,,,,,,,,,,,,,,,,,,,,,,,,,,,,,,,,,,,,,,,,,,,,,,,,,,,,,,,,,,,,,,,,,,,,,,66.14729899,72.38644612,75.66797529,77.04067133,78.40390849,77.5314377,78.52533501,82.18476061,85.20407594,88.69768984,,,102.9574958,113.0391667,112.5166667,
Dominica,Consumer price index (CPI),,,,,,,,,,,,,,,,,,,,,,,,,,,,,,,,,,,,,,,,,,,,,,,,,,,,,,,,,,,,,,,,,,,,,,,,,,,,,,,,,,,,,,,,,,,,,,,,,,,,,,81.32235085,81.46064384,82.64456677,84.62316846,86.04644621,87.94152568,91.1357565,96.93191937,96.93799077,99.8455162,100.975,102.345,102.2975,103.1151132,102.245,102.39,102.6933333,103.7091667,105.2695992,106.5541667,108.9291667,112.0716667,117.7725,120.8225,
Grenada,Consumer price index (CPI),,,,,,,,,,,,,,,,,,,,,,,,,,,,,,,,,,,,,,,,,,,,,,,,,,,,,,,,,,,,,,,,,,,,,,,,,,,,,,,,,,,,,,,,,,,,,,,,,,,,,,78.55333333,79.39166667,81.1025,82.97833333,85.8625,89.51333333,92.9675,100.4358333,100.1258333,103.5666667,106.7083333,109.2808333,109.23275,108.1583333,107.6008333,109.3766667,110.370308,111.2577982,111.9232865,111.0942342,112.4490417,115.3508333,118.4608333,119.7475,
Guadeloupe,Consumer price index (CPI),,,,,,,,,,,,,,,,,,,,,,,,,,,,,,,,,,,,,,,,,,,,,,,,,,,,,,,,,,,,,,,,,,,,,,,,,,,,,,,,,,,,,,,,,,,,,,,,,,,,,,,,,,,,,,,94.21083333,96.63666667,98.4525,99.35166667,99.7025,100.0008333,99.90666667,,,,,,,,,
Guyana,Consumer price index (CPI),,,,,,,,,,,,,,,,,,,,,,,,,,,,,,,,,,,,,,,,,,,,,,,,,,,,,,,,,,,,,,,,,,,,,,,,,,,,,,,,,,,,,,,,,,,,,,,,,,,,,,,,,,73.87810348,78.81106111,88.42613228,95.59043703,98.41255443,102.0866667,107.1682711,109.7316667,111.817942,112.7713358,111.6416667,112.575,114.7191667,116.1908333,118.6160043,119.794261,125.8233333,133.5175,137.2841667,141.2708333,
Belize,Consumer price index (CPI),,,,,,,,,,,,,,,,,,,,,,,,,,,,,,,,,,,,,,,,,,,,,,,,,,,,,,,,,,,,,,,,,,,,,,,,,,,,,,,,,,,,,,,,,,,,,,,,,,,,,,,,,,,,,,,,96.04861812,97.29780796,97.79378136,98.96867551,98.11597722,98.76690527,99.90040701,100.1701208,100.3575084,100.4793772,103.7305247,110.2415789,115.081008,118.8666667,
Jamaica,Consumer price index (CPI),,,,,,,,,,,,,,,,,,,,,,,,,,,,,,,,,,,,,,,,,,,,,,,,,,,,,,,,,,,,,,,,,,,,,,,,,,,,,,,,,,,,,,,,,,,,,,,,,,,,,20.95,22.375,23.95833333,26.375,29.95,34.45833333,37.40833333,40.86666667,49.86666667,54.65,61.54166667,66.19166667,70.74166667,77.35,83.75,86.84166667,88.88333333,92.775,96.24166667,100,105.2267778,111.3959948,122.925,130.8833333,137.9666667,
Martinique,Consumer price index (CPI),,,,,,,,,,,,,,,,,,,,,,,,,,,,,,,,,,,,,,,,,,,,,,,,,,,,,,,,,,,,,,,,,,,,,,,,,,,,,,,,,,,,,,,,,,,,,,,,,,,,,77.48333333,79.05,80.76666667,82.43333333,84.09166667,86.14166667,88.23583333,90.38916667,92.88333333,92.55833333,94.05916667,96.465,97.89333333,99.105,99.86083333,100,99.755,100.3166667,,,,,,,,
Sint Maarten (Dutch part),Consumer price index (CPI),,,,,,,,,,,,,,,,,,,,,,,,,,,,,,,,,,,,,,,,,,,,,,,,,,,,,,,,,,,,,,,,,,,,,,,,,,,,,,,,,,,,,,,,,,,,,,,,,,,,,,,,,,,,,,,111.2142463,116.3131463,120.9833333,124.0425758,126.3829549,126.800053,126.9416667,129.7242408,,,,,,,,
"Montserrat, United Kingdom-British Overseas Territory",Consumer price index (CPI),,,,,,,,,,,,,,,,,,,,,,,,,,,,,,,,,,,,,,,,,,,,,,,,,,,,,,,,,,,,,,,,,,,,,,,,,,,,,,,,,,,,,,,,,,,,,,,,,,,,,,71.1739455,74.00460371,74.8600224,77.18365062,79.24598731,80.77640911,82.96628095,87.03185268,89.45813114,91.33103148,94.68085106,99.19310688,100.0553689,99.6736941,98.5306533,98.28833333,99.46083333,100.7675,99.68833333,97.8002911,100.3516667,103.3425,102.2166667,105.355,
Curacao,Consumer price index (CPI),,,,,,,,,,,,,,,,,,,,,,,,,,,,,,,,,,,,,,,,,,,,,,,,,,,,,,,,,,,,,,,,,,,,,,,,,,,,,,,,,,,,,,,,,,,,,,,,,,,,,87.85,89.425,89.775,91.24166667,92.5,96.30833333,99.30833333,102.2833333,109.3166667,111.2333333,114.325,116.9916667,120.7166667,122.325,124.1583333,123.5666667,123.5083333,125.4666667,128.7083333,132.0833333,,,,,,
St. Kitts and Nevis,Consumer price index (CPI),,,,,,,,,,,,,,,,,,,,,,,,,,,,,,,,,,,,,,,,,,,,,,,,,,,,,,,,,,,,,,,,,,,,,,,,,,,,,,,,,,,,,,,,,,,,,,,,,,,,,,,,,,82.70026491,89.71943811,93.73966393,98.70814429,100.7394958,101.5966667,107.525,108.4025,109.6025,109.8741667,107.345,106.6075,107.3483333,106.235,105.8848897,104.6489536,105.9002295,108.7258333,112.5933333,113.8266667,
St. Lucia,Consumer price index (CPI),,,,,,,,,,,,,,,,,,,,,,,,,,,,,,,,,,,,,,,,,,,,,,,,,,,,,,,,,,,,,,,,,,,,,,,,,,,,,,,,,,,,,,,,,,,,,,,,,,,,,,75.51669871,75.32372588,76.10276433,77.21414485,80.22416356,82.14603033,84.46509798,89.15252888,89.01261639,91.90583271,94.45108013,98.39690234,99.84192492,103.353321,102.3367368,99.18658925,99.29000325,101.2118794,101.7575,99.97083333,102.3808333,108.9108333,113.3441667,113.2191667,
St. Vincent and the Grenadines,Consumer price index (CPI),,,,,,,,,,,,,,,,,,,,,,,,,,,,,,,,,,,,,,,,,,,,,,,,,,,,,,,,,,,,,,,,,,,,,,,,,,,,,,,,,,,,,,,,,,,,,,,,,,,,,,75.2950915,76.69219492,76.85016682,79.12496209,82.0790365,84.32855626,90.43069457,99.53366697,99.95324032,100.7,103.9083333,106.6083333,107.4666667,107.675,105.8083333,105.65,107.925,110.4333333,111.4416667,110.7416667,112.4833333,118.85,124.275,128.7833333,
Suriname,Consumer price index (CPI),,,,,,,,,,,,,,,,,,,,,,,,,,,,,,,,,,,,,,,,,,,,,,,,,,,,,,,,,,,,,,,,,,,,,,,,,,,,,,,,,,,,,,,,,,,,,,,,,,,,,,,,,,32.9048889,36.61698955,38.97009959,44.68589972,44.62618298,47.72372303,56.17644369,58.98912138,60.1237394,62.15797365,66.44308443,103.2607842,125.975,,140.6333333,189.7,301.85,460.1583333,697.5416667,810.75,
Trinidad and Tobago,Consumer price index (CPI),,,,,,,,,,,,,,,,,,,,,,,,,,,,,,,,,,,,,,,,,,,,,,,,,,,,,,,,,,,,,,,,,,,,,,,,,,,,,,,,,,,,,,,,,,,,,,,,,,,,,38.69524748,40.83766916,42.53245637,44.15341347,45.79660456,48.94490799,53.02182476,57.20757352,64.08984172,68.56208679,75.79483867,79.66578181,87.04305736,91.56913741,96.77431007,101.2851697,104.3953004,106.3583333,107.4416667,108.5166667,109.1666667,111.4146567,117.9083333,123.3666667,124.0166667,
Cayman Islands,Consumer price index (CPI),,,,,,,,,,,,,,,,,,,,,,,,,,,,,,,,,,,,,,,,,,,,,,,,,,,,,,,,,,,,,,,,,,,,,,,,,,,,,,,,,,,,,,,,,,,,,,,,,,,,,,,,,,,,,,98.6272,98.89955,100.2104,101.40185,103.59275,104.9125,102.44965,101.809075,,,,,,,,,
British Virgin Islands,Consumer price index (CPI),,,,,,,,,,,,,,,,,,,,,,,,,,,,,,,,,,,,,,,,,,,,,,,,,,,,,,,,,,,,,,,,,,,,,,,,,,,,,,,,,,,,,,,,,,,,,,,,,,,,,,,,,,,,,,,,,,,,104.9407917,106.049259,,,,,,,,,
Bahrain,Consumer price index (CPI),,,,,,,,,,,,,,,,,,,,,,,,,,,,,,,,,,,,,,,,,,,,,,,,,,,,,,,,,,,,,,,,,,,,,,,,,,,,,,,,,,,,,,,,,,,,,,,,,,,,,,,,,,,,,,,84.10955234,83.7730799,86.08303604,88.92378619,91.27809075,92.96548257,95.55623857,96.88133442,98.90389638,99.8986916,97.58333333,96.99166667,100.5083333,100.5833333,101.5083333,
Cyprus,Consumer price index (CPI),,,,,,,,,,,,,,,,,,,,,,,,,,,,,,,,,,,,,,,,,,,,,,,,,,,,,,,,,,,,,,,,,,,,,,,,,,,,,,,,,,,,,,,,,,,,,,,,,,,,,76.19469549,77.69804877,79.87449159,83.18054903,85.08223693,87.26047946,89.27156067,91.389664,95.6566551,95.96876043,98.30084051,101.5343969,103.9601086,103.5449359,102.1419136,100,98.57083333,99.095,100.5175,100.7691667,100.1258333,102.575,111.1866667,115.1241667,117.1966667,
"Iran, Islamic Rep.",Consumer price index (CPI),,,,,,,,,,,,,,,,,,,,,,,,,,,,,,,,,,,,,,,,,,,,,,,,,,,,,,,,,,,,,,,,,,,,,,,,,,,,,,,,,,,,,,,,,,,,,,,,,,,,,,,,,,4.392458101,4.832402235,5.670391061,7.111266294,8.074953445,8.889664804,11.22705866,14.28719701,19.51674481,22.75780342,25.59904271,27.45380227,29.66243991,35.00586693,48.97577922,63.95949721,91.71089385,131.5945531,190.2583333,252.0083333,
Iraq,Consumer price index (CPI),,,,,,,,,,,,,,,,,,,,,,,,,,,,,,,,,,,,,,,,,,,,,,,,,,,,,,,,,,,,,,,,,,,,,,,,,,,,,,,,,,,,,,,,,,,,,,,,,,,,,,,,,,,,,,,,,,,,103.5570164,104.1333333,104.325,104.7083333,104.5,105.1,111.45,117.0166667,122.1166667,107.1,
Israel,Consumer price index (CPI),,,,,,,,,,,,,,,,,,,,,,,,,,,,,,,,,,,,,,,,,,,,,,,,,,,,,,,,,,,,,,,,,,,,,,,0.001245207,0.00139429,0.001573895,0.001889184,0.002638812,0.003676042,0.004827043,0.006498006,0.009782809,0.017443729,0.040299375,0.087369059,0.19253026,0.473531138,2.240823468,9.185845718,13.58481069,16.17608811,18.82943206,22.66203999,26.55671444,31.63841118,35.43998585,39.31138535,44.13705768,48.52050602,54.05994338,58.90889066,62.14410828,65.36380927,66.03878273,66.79909766,70.65498054,71.15151274,70.87997169,71.81096957,73.29280786,73.62641543,76.97800778,79.56152689,81.70282201,84.55012385,85.96989561,87.31984253,87.73879158,87.21122611,86.73021054,86.9552017,87.64569179,88.39049009,87.847408,89.19166667,93.125,97.04166667,100.0083333,
Jordan,Consumer price index (CPI),,,,,,,,,,,,,,,,,,,,,,,,,,,,,,,,,,,,,,,,,,,,,,,,,,,,,,,,,,,,,,,,,,,,,,,,,,,,,,,,,,,,,,,,,,,,,,,,,,,,,,,,,,,64.57121906,67.63441725,77.08377792,76.51407504,80.2215789,83.56075529,87.33371522,91.54723786,94.20163084,93.37562256,92.64875827,95.72830522,100,100.761514,101.0973465,102.4582116,106.7913288,109.0177891,110.7147557,
Kuwait,Consumer price index (CPI),,,,,,,,,,,,,,,,,,,,,,,,,,,,,,,,,,,,,,,,,,,,,,,,,,,,,,,,,,,,,,,,,,,,,,,,,,,,,,,,,,,,,,,,,,,,,,,,,,,,,,,,,,,,,,,90.19771151,94.56274272,97.64089806,100.2599168,103.1764043,106.5520284,109.9599861,112.3481334,112.9583333,114.1916667,116.5916667,120.5833333,125.3833333,129.95,133.7166667,
Lebanon,Consumer price index (CPI),,,,,,,,,,,,,,,,,,,,,,,,,,,,,,,,,,,,,,,,,,,,,,,,,,,,,,,,,,,,,,,,,,,,,,,,,,,,,,,,,,,,,,,,,,,,,,,,,,,,,,,,,,,,,80.20758495,81.16614316,84.39937977,88.59528288,94.42615881,98.9784624,100.8141211,97.0344533,96.27432457,100.4346772,106.5380816,109.7399659,202.870056,516.8238347,1401.65462,4504.1,6541.891867,
Oman,Consumer price index (CPI),,,,,,,,,,,,,,,,,,,,,,,,,,,,,,,,,,,,,,,,,,,,,,,,,,,,,,,,,,,,,,,,,,,,,,,,,,,,,,,,,,,,,,,,,,,,,,,,,,,,,,65.39702131,65.21418509,65.3650442,65.77355551,67.02972224,69.40591645,73.45261743,82.54267938,85.40592829,88.18724032,91.75193496,94.45653881,95.45168398,96.41957822,96.48253069,97.55272269,99.10292729,99.98426188,100.475,100.0666667,101.75,104.3,105.2916667,105.9166667,
Qatar,Consumer price index (CPI),,,,,,,,,,,,,,,,,,,,,,,,,,,,,,,,,,,,,,,,,,,,,,,,,,,,,,,,,,,,,,,,,,,,,,,,,,,,,,,,,,,,,,,,,,,,,,,,,,,,,,,,,,,,,,,85.86200751,86.83943162,88.85006712,91.71279635,94.78491902,96.50439066,99.08741918,99.4786945,99.7331763,99.06831394,96.55166667,98.77666667,103.7108333,106.8508333,108.205,
Saudi Arabia,Consumer price index (CPI),,,,,,,,,,,,,,,,,,,,,,,,,,,,,,,,,,,,,,,,,,,,,,,,,,,,,,,,,,,,,,,,,,,,,,,,,,,,,,,,,,,,,,,,,,,,,,,,64.42414917,65.21145583,65.24872417,65.006475,64.13945,63.41788083,62.707,62.862005,63.2468425,63.57288583,63.87754583,65.28861583,68.0097325,74.72245917,78.50134083,82.69285417,87.51072083,90.01901417,93.196645,95.2834725,96.43134667,98.42497583,97.60173917,100.0000075,97.90665833,101.28,104.3825,106.965,109.4541667,111.3016667,
Syrian Arab Republic,Consumer price index (CPI),,,,,,,,,,,,,,,,,,,,,,,,,,,,,,,,,,,,,,,,,,,,,,,,,,,,,,,,,,,,,,,,,,,,,,,,,,,,,,,,,,,,,,,,,,,,,,,,,,,,,,,,,,,,,,,145.7302573,152.6570552,208.6856985,292.2264189,324.1583333,448.8333333,662.95,782.78,790.1458333,896.1641667,,,,,,
United Arab Emirates,Consumer price index (CPI),,,,,,,,,,,,,,,,,,,,,,,,,,,,,,,,,,,,,,,,,,,,,,,,,,,,,,,,,,,,,,,,,,,,,,,,,,,,,,,,,,,,,,,,,,,,,,,,,,,,,,,,,,,,,86.49490803,87.8457969,88.61706832,89.39454715,89.98657943,90.97743818,93.1120133,96.90164066,98.46901316,100.4057269,103.486811,101.4883967,99.37804371,99.55685993,104.8246384,106.5298296,108.3018096,
"Egypt, Arab Rep.",Consumer price index (CPI),,,,,,,,,,,,,,,,,,,,,,,,,,,,,,,,,,,,,,,,,,,,,,,,,,,,,,,,,,,,,,,,,,,,,,,,,,,,,,,,,,,,,,,,,,,,,,,,,,,,,,,,,,,,,,,35.63843576,39.22541794,42.01502353,45.99372854,50.6253961,55.87549792,63.59391917,82.35832786,94.21913427,102.8428228,108.0311742,113.663973,129.4583333,173.325,222.325,
West Bank and Gaza,Consumer price index (CPI),,,,,,,,,,,,,,,,,,,,,,,,,,,,,,,,,,,,,,,,,,,,,,,,,,,,,,,,,,,,,,,,,,,,,,,,,,,,,,,,,,,,,,,,,,,,,,,,,,53.09258239,56.05496004,59.16286665,60.81836135,61.562039,65.07693338,67.94229173,69.98339706,72.85779063,75.65723558,77.06426632,84.68592063,87.01811571,90.28056173,92.8781534,95.45931872,97.10541858,98.78824102,100.2025048,99.98295449,100.1954892,100,101.5801833,100.8332317,102.0810239,105.9001035,112.1176064,172.2901681,
Afghanistan,Consumer price index (CPI),,,,,,,,,,,,,,,,,,,,,,,,,,,,,,,,,,,,,,,,,,,,,,,,,,,,,,,,,,,,,,,,,,,,,,,,,,,,,,,,,,,,,,,,,,,,,,,,,,,,,,,,,,54.56646503,58.26857953,63.32662482,80.05667316,74.60388419,76.2291578,85.22738922,90.71706674,97.41722225,101.9704994,101.2957512,105.7364475,110.9978419,111.6928539,114.2644395,120.6654053,126.859406,144.2544976,137.5542964,128.4740819,
Bangladesh,Consumer price index (CPI),,,,,,,,,,,,,,,,,,,,,,,,,,,,,,,,,,,,,,,,,,,,,,,,,,,,,,,,,,,,,,,,,,,,,,,,,,,,,,,,,,,,,,,,,,,,,,,,,,,,,,,,,,,,,,,48.09668793,53.57738496,56.90856113,61.19400706,65.47247106,69.52801939,73.36146463,77.54458681,81.84336511,86.42004314,91.33827239,96.40357723,103.8237166,114.0851368,126.025,
Bhutan,Consumer price index (CPI),,,,,,,,,,,,,,,,,,,,,,,,,,,,,,,,,,,,,,,,,,,,,,,,,,,,,,,,,,,,,,,,,,,,,,,,,,,,,,,,,,,,,,,,,,,,,,,,,,,,,,,,,,,,,,,,,,60.96439365,66.0067958,69.00887989,71.23088777,74.76043785,76.79688516,78.89069877,83.33174433,89.45397293,94.49843159,98.49509553,101.2148561,
Brunei Darussalam,Consumer price index (CPI),,,,,,,,,,,,,,,,,,,,,,,,,,,,,,,,,,,,,,,,,,,,,,,,,,,,,,,,,,,,,,,,,,,,,,,,,,,,,,,,,,,,,,,,,,,,,,,,,,,,,,,,,,,,,,,99.95422209,100.0920705,100.2039397,100.5939385,100.3855997,99.89536917,99.6169675,98.36129,99.36954417,98.98148417,100.9020417,102.6510917,106.4309618,106.8109888,106.3958421,
Myanmar,Consumer price index (CPI),,,,,,,,,,,,,,,,,,,,,,,,,,,,,,,,,,,,,,,,,,,,,,,,,,,,,,,,,,,,,,,,,,,,,,,,,,,,,,,,,,,,,,,,,,,,,,,,,,,,,,,,,,,,,,,92.56251053,97.21050011,98.63714511,104.2032775,109.3647776,119.7043117,127.9984143,133.8511885,143.0498821,155.67413,,,,,,
Cambodia,Consumer price index (CPI),,,,,,,,,,,,,,,,,,,,,,,,,,,,,,,,,,,,,,,,,,,,,,,,,,,,,,,,,,,,,,,,,,,,,,,,,,,,,,,,,,,,,,,,,,,,,,,,,,,,,,82.67658333,82.85141667,83.63166667,87.244,93.01541667,98.42025,106.9915,132.7730833,131.1244167,136.3646667,143.8353333,148.0559167,152.4111667,158.2876667,160.225,165.0624167,169.8700833,174.0473333,177.4283333,182.64525,187.9798333,198.0249167,202.2378333,,
Sri Lanka,Consumer price index (CPI),,,,,,,,,,,,,,,,,,,,,,,,,,,,,,,,,,,,,,,,,,,,,,,,,,,,,,,,,,,,,,,,,,,,,,,,,,,,,,,,,,,,,,,,,,,,,,,,,,,,,,,,,,,,,,,66.10480956,70.54491655,75.86605874,81.10722774,83.68562836,86.83921066,90.27707816,97.23214855,99.30809161,102.8120719,109.1390704,116.7949369,174.8666667,203.7916667,202.9166667,
Hong Kong,Consumer price index (CPI),,,,,,,,,,,,,,,,,,,,,,,,,,,,,,,,,,,,,,,,,,,,,,,,,,,,,,,,,,,,,,,,,,,,,,,,,,,,,,,,,,,,,,,,,,,,,,,,,,,,,,,,,,66.24166667,67.56666667,68.94166667,71.90833333,72.325,73.98333333,77.90833333,81.06666667,84.58333333,88.325,90.96666667,93.15833333,94.55,96.825,99.61666667,99.86666667,101.4333333,103.3416667,105.5083333,107.3333333,
India,Consumer price index (CPI),,,,,,,,,,,,,,,,,,,,,,,,,,,,,,,,,,,,,,,,,,,,,,,,,,,,,,,,,,1.901090264,1.991870492,2.08265076,2.1197194,2.155653157,2.233951114,2.299766918,2.606906796,2.853904922,3.162179404,3.57522968,3.69097461,3.669414276,3.856270451,3.975041216,4.231117245,4.947903032,6.362940662,6.728709871,6.215043683,6.731356578,6.901191987,7.334288945,8.166442757,9.237271394,9.966160721,11.14895278,12.0764238,12.74744114,13.86025715,15.08011582,16.49515425,17.66206765,19.24657281,21.91611983,24.49955194,26.04961176,28.71915919,31.65566053,34.49743739,36.96892078,41.86021916,43.81501621,45.5717512,47.29404126,49.32633812,51.203629,53.1325986,55.38879131,58.59941554,62.33388677,67.53830944,74.88806665,83.86668896,91.34071498,99.99889854,110.0166667,117.35,123.1083333,129.2,133.5,138.7583333,143.9333333,153.4666667,161.3416667,172.15,181.875,190.8833333,
Indonesia,Consumer price index (CPI),,,,,,,,,,,,,,,,,,,,,,,,,,,,,,,,,,,,,,,,,,,,,,,,,,,,,,,,,,,,,,,,,,,,,0.810117742,0.935522917,1.05152275,1.096041583,1.167522667,1.529943667,2.14944525,2.561401417,3.069292833,3.408513833,3.685032333,4.283215,5.05571125,5.675840167,6.211947333,6.944941,7.671037,8.033457917,8.501219417,9.290018333,10.03743442,10.68139,11.51658833,12.6013425,13.54940667,14.85989083,16.1277375,17.6470225,19.05406917,20.2404025,32.07112917,38.63860083,40.06383167,44.67121833,49.98714583,53.36493583,56.6010175,62.51763417,70.71286583,75.24313,82.9379925,86.5759975,91.02098583,95.89611333,99.9999875,106.4125,113.2175,120.4216667,124.6675,129.4158333,133.555,137.6025,140.2458,142.4338167,148.4295167,153.877075,,
Timor-Leste,Consumer price index (CPI),,,,,,,,,,,,,,,,,,,,,,,,,,,,,,,,,,,,,,,,,,,,,,,,,,,,,,,,,,,,,,,,,,,,,,,,,,,,,,,,,,,,,,,,,,,,,,,,,,,,,,,,,,,,,,,68.75274739,78.03425845,87.2425426,96.91329863,97.6171557,98.15677946,96.84291292,97.38253668,99.95,100.9083333,101.4083333,105.1583333,112.525,122,124.5166667,
"Korea, Dem. People's Rep.",Consumer price index (CPI),,,,,,,,,,,,,,,,,,,,,,,,,,,,,,,,,,,,,,,,,,,,,,,,,,,,,0.222620758,0.339523192,0.465579392,0.783594308,0.963737483,1.1864645,1.145157333,1.181566,1.275684417,1.380235083,1.471583333,1.776078167,2.299361083,2.610883,2.904904583,3.221029083,3.567992583,4.010051333,4.64966825,5.277917583,5.894852667,6.084727583,7.563571917,9.473317583,10.92532333,12.02841667,13.76776,16.290495,20.9654775,25.44195083,27.2714425,28.20429333,28.84564667,29.5549925,30.36774917,31.2938625,33.5301525,35.44142667,38.47991667,42.07116667,44.68516667,46.8305,49.76483333,51.99466667,54.55516667,56.97683333,61.25783333,61.75583333,63.151,65.71908333,67.53441667,69.90816667,72.41833333,74.41258333,76.08116667,78.0095,81.65558333,83.90641667,86.37266667,89.85,91.81508333,93.00991667,94.19558333,94.86091667,95.78266667,97.645,99.08608333,99.46558333,100,102.4983333,107.715,111.59,114.1808333,
Laos,Consumer price index (CPI),,,,,,,,,,,,,,,,,,,,,,,,,,,,,,,,,,,,,,,,,,,,,,,,,,,,,,,,,,,,,,,,,,,,,,,,,,,,,,,,,,,,,,,,,,,,,,,,,,,,,,,,,,62.22367151,66.29658066,69.38730914,74.68073434,74.78617434,79.26029103,85.25949339,88.88739293,94.55078844,98.45502032,99.71263972,101.3049631,102.1412139,104.2252957,107.6882425,113.1847286,117.4355173,144.394276,189.4888021,233.3186414,
Macau,Consumer price index (CPI),,,,,,,,,,,,,,,,,,,,,,,,,,,,,,,,,,,,,,,,,,,,,,,,,,,,,,,,,,,,,,,,,,,,,,,,,,,,,,,,,,,,,,,,,,,,,,,,,,,59.74,57.82583333,56.895,55.76583333,54.295,53.44666667,53.97083333,56.34333333,59.245,62.54583333,67.93166667,68.72583333,70.65666667,74.75916667,79.325,83.68833333,88.75,92.7975,94.99583333,96.1625,99.05166667,101.7775,102.6033333,102.6304764,103.7029936,104.1970186,,
Maldives,Consumer price index (CPI),,,,,,,,,,,,,,,,,,,,,,,,,,,,,,,,,,,,,,,,,,,,,,,,,,,,,,,,,,,,,,,,,,,,,,,,,,,,,,,,,,,,,,17.75984142,19.48648752,21.37747037,22.75767687,24.38845988,25.2786172,28.99803129,33.8859388,40.70628345,42.08463932,44.39460681,47.1653834,50.7371399,50.02466243,51.50224507,50.89721893,51.23954211,53.38067472,52.70773063,51.81938815,52.49318271,53.93066721,57.59513391,64.53042798,67.45377032,71.60209987,79.67410146,88.34638492,91.70852145,93.65274372,94.54544791,95.02054769,97.69772632,97.56742356,97.7821009,96.44270685,96.96653512,99.22890341,102.1337952,103.5634619,
Malaysia,Consumer price index (CPI),,,,,,,,,,,,,,,,,,,,,,,,,,,,,,,,,,,,,,,,,,,,,,,,,,,,,,,,,,,,,,,,,,,,,,,,,,,,,,,,,,,,,,,,,,,,,,,,,,,,,80.53269179,81.67366667,83.1502224,84.05629068,85.2509585,87.78723498,90.95568316,92.79967609,97.84870436,98.41946408,100.0166667,103.1916667,104.9083333,107.1166667,110.4833333,112.8083333,115.1666667,119.625,120.6833333,121.4833333,120.1,123.075,127.2333333,130.4,132.7916667,
Nepal,Consumer price index (CPI),,,,,,,,,,,,,,,,,,,,,,,,,,,,,,,,,,,,,,,,,,,,,,,,,,,,,,,,,,,,,,,,,,,,,,,,,,,,,,,,,,,,,,,,,,,,,,,,,,,,,,,,,,,49.84304374,50.97409168,56.02451806,62.24033959,68.04518741,74.3237682,81.35465532,88.70924886,96.12902767,103.6933333,112.8083333,116.9,121.6475,128.4216667,134.91,140.5083333,151.2583333,162.02,,
Pakistan,Consumer price index (CPI),,,,,,,,,,,,,,,,,,,,,,,,,,,,,,,,,,,,,,,,,,,,,,,,,,,,,,,,,,,,,,,,,,,,,,,,,,,,,,,,,,,,,,,,,,,,,,,,,,,,,,,,,,,,,,59.86574833,67.61170002,75.66837288,82.99485099,89.3789445,95.80474006,98.22795634,101.9263559,106.0904285,111.4777612,123.2702821,135.2767991,148.1229688,177.5607202,232.1928299,261.5246631,
Palau,Consumer price index (CPI),,,,,,,,,,,,,,,,,,,,,,,,,,,,,,,,,,,,,,,,,,,,,,,,,,,,,,,,,,,,,,,,,,,,,,,,,,,,,,,,,,,,,,,,,,,,,,,,,,,,,,63.05236237,62.23190222,62.80622432,65.92397288,68.52893385,71.5646364,73.88243632,82.72289441,83.91256163,85.12274035,89.10197206,92.32227814,95.4195152,99.41925842,100.3627876,99.3167009,100.725,102.85,103.125,103.35,106.05,119.15,134.425,137.425,
Philippines,Consumer price index (CPI),,,,,,,,,,,,,,,,,,,,,,,,,,,,,,,,,,,,,,,,,,,,,,,,,,,,,,,,,,,,,,,,,,,,,,,,,,,,,,,,,,,,,,,,,,,,,,,,,,,,,,,,,,,,,,,78.97965095,82.70624026,85.20972831,87.41042945,90.55530237,91.16581946,92.30876424,94.94250657,99.98333333,102.375,104.825,108.9416667,115.2833333,122.175,126.1,
Singapore,Consumer price index (CPI),,,,,,,,,,,,,,,,,,,,,,,,,,,,,,,,,,,,,,,,,,,,,,,,,,,,,,,,,,,,,,,,,,,,,,,,,,,,,,,,,,,,,,,,,,,,,,,,,,,,,,,,,,66.04308333,66.68083333,68.08766667,72.60558333,73.03333333,75.09933333,79.04291667,82.66375,84.61825,85.4925,85.04625,84.59566667,85.08358333,85.45691667,85.94216667,85.79425,87.78133333,93.16316667,97.66641667,100.0001667,
Thailand,Consumer price index (CPI),,,,,,,,,,,,,,,,,,,,,,,,,,,,,,,,,,,,,,,,,,,,,,,,,,,,,,,,,,,,,,,,,,,,,,,,,,,,,,,,,,,,,,,,,,,,,,,,,,,,,,,,,,,,,,,82.41202957,85.55093119,88.13020579,90.05575048,91.76243467,90.9361828,91.10727896,91.71371807,92.68945806,93.34452097,92.55488499,93.69367605,92.18457046,100.000026,101.3658318,
Vietnam,Consumer price index (CPI),,,,,,,,,,,,,,,,,,,,,,,,,,,,,,,,,,,,,,,,,,,,,,,,,,,,,,,,,,,,,,,,,,,,,,,,,,,,,,,,,,,,,,,,,,,,,,,,,,,,,,,30.33409523,31.31529649,33.74378128,36.53930929,39.24980152,42.52498115,52.3548212,55.87148548,61.01583378,72.41220786,78.99788339,84.20595691,87.64539508,88.19861361,90.5519715,93.73963352,97.05766789,99.77122914,102.984795,104.874273,108.1846373,111.7037676,115.7486646,
Djibouti,Consumer price index (CPI),,,,,,,,,,,,,,,,,,,,,,,,,,,,,,,,,,,,,,,,,,,,,,,,,,,,,,,,,,,,,,,,,,,,,,,,,,,,,,,,,,,,,,,,,,,,,,,,,,,,,,,,,,,,,,,76.76774733,80.65888485,83.66843683,85.93253186,87.08563038,86.34767569,88.71223088,89.21621581,89.3482298,92.31392425,93.95471918,95.06518668,99.98938128,101.4842907,103.5916667,
Angola,Consumer price index (CPI),,,,,,,,,,,,,,,,,,,,,,,,,,,,,,,,,,,,,,,,,,,,,,,,,,,,,,,,,,,,,,,,,,,,,,,,,,,,,,,,,,,,,,,,,,,,,,,,,,,,,,,2.989408898,5.925730188,8.505917952,10.45832501,11.84982713,13.3016084,14.96109433,17.01529507,19.47734981,22.10337725,24.37514135,26.51474599,28.44512219,31.10643991,40.65437969,52.78746786,63.14908718,73.93555381,90.40213969,113.6845733,137.9622438,156.7859528,201.0630817,
Algeria,Consumer price index (CPI),,,,,,,,,,,,,,,,,,,,,,,,,,,,,,,,,,,,,,,,,,,,,,,,,,,,,,,,,,,,,,,,,,,,,,,,,,,,,,,,,,,,,,,,,,,,,,,,,,,,,,,,,,111.4716667,114.0483333,118.2441667,123.9891667,131.1025,136.23,142.3933333,155.0541667,160.1,164.77,172.6533333,183.6991667,193.97,202.2525,206.2,211.18,226.44,247.4208333,270.4858333,281.43,
Botswana,Consumer price index (CPI),,,,,,,,,,,,,,,,,,,,,,,,,,,,,,,,,,,,,,,,,,,,,,,,,,,,,,,,,,,,,,,,,,,,,,,,,,,,,,,,,,,,,,,,,,,,,,,,,,,,,,,,,,,,,,,67.70561763,73.43342644,78.96803228,83.61499069,87.2959342,89.96896338,92.50155183,95.56176288,98.65606766,101.3916667,103.3083333,110.7888667,123.7130167,129.9823167,133.645675,
Burundi,Consumer price index (CPI),,,,,,,,,,,,,,,,,,,,,,,,,,,,,,,,,,,,,,,,,,,,,,,,,,,,,,,,,,,,,,,,,,,,,,,,,,,,,,,,,,,,,,,,,,,,,,,,,,,,20.52055728,25.53414481,27.90784684,27.52671494,30.45761216,32.94795731,37.31424365,38.33867636,41.56374991,51.708194,57.16621908,60.8781737,66.71770921,78.83434261,85.09217968,88.84079001,93.76673544,98.97799956,114.8664779,111.6333333,110.8666667,118.9833333,128.9833333,153.2333333,194.5166667,233.8333333,
Cameroon,Consumer price index (CPI),,,,,,,,,,,,,,,,,,,,,,,,,,,,,,,,,,,,,,,,,,,,,,,,,,,,,,,,,,,,,,,,,,,,,,,,,,,,,,,,,,,,,,,,,,,,,,,,,,,,,,,,,,,,,,,75.70902875,77.93464666,80.06639054,81.70802952,83.22363054,85.45089073,86.1978942,86.7499134,87.67714689,89.82769382,92.01734161,94.1078446,99.98739889,107.3692824,112.2337687,
Cape Verde,Consumer price index (CPI),,,,,,,,,,,,,,,,,,,,,,,,,,,,,,,,,,,,,,,,,,,,,,,,,,,,,,,,,,,,,,,,,,,,,,,,,,,,,,,,,,,,,,,,,,,,,,,,,,,,,,,,,,,79.61219097,83.12388236,88.75505612,89.63471057,91.49791567,95.59142575,98.01982693,99.49653763,99.25896164,99.38917749,97.98996038,98.75860857,100,101.1066667,101.7191667,103.6133332,111.8308333,115.9958331,117.2116667,
Central African Republic,Consumer price index (CPI),,,,,,,,,,,,,,,,,,,,,,,,,,,,,,,,,,,,,,,,,,,,,,,,,,,,,,,,,,,,,,,,,,,,,,,,,,,,,,,,,,,,,,,,,,,,,,,,,,,,,,,,,,,56.3835189,56.92475423,62.19538933,64.38545211,65.34545446,66.12599005,69.74856748,74.62315077,85.74101833,86.94393924,91.2436933,95.05833966,96.59082921,99.1846538,100.8808667,105.1777502,111.05,114.3583333,,
Chad,Consumer price index (CPI),,,,,,,,,,,,,,,,,,,,,,,,,,,,,,,,,,,,,,,,,,,,,,,,,,,,,,,,,,,,,,,,,,,,,,,,,,,,,,,,,,,,,,,,,,,,,,,,,,,,,,,,,,,,,,,76.85507297,78.41464727,84.30878119,84.49651287,85.91772152,89.67844901,88.96780063,87.6002769,91.34485759,90.45704114,94.49517405,93.76487342,99.19200949,109.9408096,119.725,
"Congo, Dem. Rep.",Consumer price index (CPI),,,,,,,,,,,,,,,,,,,,,,,,,,,,,,,,,,,,,,,,,,,,,,,,,,,,,,,,,,,,,,,,,,,,,,,,,,,,,,,,,,,,,,,,,,,,,,,,,,,,,,,,,,,,,,,,,122.2370833,123.2250317,124.7567668,125.6852054,129.3122932,,,,,,,,,
"Congo, Rep.",Consumer price index (CPI),,,,,,,,,,,,,,,,,,,,,,,,,,,,,,,,,,,,,,,,,,,,,,,,,,,,,,,,,,,,,,,,,,,,,,,,,,,,,,,,,,,,,,,,,,,,,,,,,,,,,,,,,,,71.13973953,73.0282481,76.64953702,80.03361695,80.34696858,81.76074343,85.85711017,89.83368199,90.65309052,93.52597577,96.50997983,96.94433633,98.06189025,100.2252072,102.024622,103.775,106.9333333,111.5333333,114.9813153,
Benin,Consumer price index (CPI),,,,,,,,,,,,,,,,,,,,,,,,,,,,,,,,,,,,,,,,,,,,,,,,,,,,,,,,,,,,,,,,,,,,,,,,,,,,,,,,,,,,,,,,,,,,,,,,,,,,,,,,,,,,,80.27423498,80.99355021,82.78175443,85.02037098,90.75472509,91.14396202,90.64380265,90.84211853,90.12145879,90.1604497,90.98917816,91.65599178,94.42649687,96.06341761,97.36102173,100.0274488,101.1886984,
Equatorial Guinea,Consumer price index (CPI),,,,,,,,,,,,,,,,,,,,,,,,,,,,,,,,,,,,,,,,,,,,,,,,,,,,,,,,,,,,,,,,,,,,,,,,,,,,,,,,,,,,,,,,,,,,,,,,,,,,,,,,,,,,,,,111.3333333,116.6833333,120.95,124.5166667,129.8833333,132.0609974,133.9256183,134.9225,136.3527785,138.4393514,145.0383333,144.8975,151.8333333,156.175,160.7375,
Ethiopia,Consumer price index (CPI),,,,,,,,,,,,,,,,,,,,,,,,,,,,,,,,,,,,,,,,,,,,,,,,,,,,,,,,,,,,,,,,,,,,,,,,,,,,,,,,,,,,,,,,,,,,,,,,,,,,,,15.3821197,15.48596271,17.60352025,18.18925459,20.00271804,22.46294761,26.33564981,38.01727128,41.24252125,44.60348319,59.43412346,73.46082484,78.94395692,84.38321096,92.45775566,98.58597902,109.121976,124.2168578,143.8550862,173.1387265,219.6083333,294.0333333,382.88676,463.4375043,
Gabon,Consumer price index (CPI),,,,,,,,,,,,,,,,,,,,,,,,,,,,,,,,,,,,,,,,,,,,,,,,,,,,,,,,,,,,,,,,,,,,,,,,,,,,,,,,,,,,,,,,,,,,,,,,,,,,,,,,,,,,,,,82.15947391,83.19740858,85.40415186,85.83581951,89.86191216,89.55746432,91.44417781,93.86920958,98.32712079,100.7504591,102.1133721,103.22325,107.5908817,111.4953713,112.8033458,
"Gambia, The",Consumer price index (CPI),,,,,,,,,,,,,,,,,,,,,,,,,,,,,,,,,,,,,,,,,,,,,,,,,,,,,,,,,,,,,,,,,,,,,,,,,,,,,,,,,,,,,,,,,,,,,,,,,,,,,,,,,,45.37756738,46.31075861,48.79724563,50.96562683,53.29042741,55.98142387,58.66622727,61.16207748,64.64778372,68.49303348,73.15635081,78.44467177,84.74706554,90.27339477,96.69695729,102.4323211,109.9819392,122.6442916,143.4621949,160.0518111,
Ghana,Consumer price index (CPI),,,,,,,,,,,,,,,,,,,,,,,,,,,,,,,,,,,,,,,,,,,,,,,,,,,,,,,,,,,,,,,,,,,,,,,,,,,,,,,,,,,,,,,,,,,,,,,,,,,3.932989464,4.124345049,5.784019982,8.184937541,8.951124011,11.61614035,13.71201021,15.82900637,17.67770514,19.57527713,22.80414855,27.19325121,30.11200887,32.74032333,36.40276753,40.64958439,46.94604893,54.99728201,64.59685668,72.58872912,78.25701251,83.84741178,92.13764818,101.3247748,132.9947401,183.675,225.6416667,
Guinea-Bissau,Consumer price index (CPI),,,,,,,,,,,,,,,,,,,,,,,,,,,,,,,,,,,,,,,,,,,,,,,,,,,,,,,,,,,,,,,,,,,,,,,,,,,,,,,,,,,,,,,,,,,,,,,,,,,,,,,,,,,,,,,73.17756757,76.87018246,78.50793691,79.45562628,78.25644652,79.4120755,80.60573474,81.9688701,82.28143765,82.4843439,83.42467317,85.29546211,93.30535369,99.93209518,103.6950964,
Guinea,Consumer price index (CPI),,,,,,,,,,,,,,,,,,,,,,,,,,,,,,,,,,,,,,,,,,,,,,,,,,,,,,,,,,,,,,,,,,,,,,,,,,,,,,,,,,,,,,,,,,,,,,,,,,,,,,,,,,,21.7177673,25.66509434,31.58490566,33.06446541,38.04075635,46.14987655,53.17679249,59.49823073,63.15767272,70.59769867,76.36742347,83.17509012,91.34921943,100,110.6016203,124.5344253,137.6018736,148.3416667,160.3916667,
Côte d'Ivoire,Consumer price index (CPI),,,,,,,,,,,,,,,,,,,,,,,,,,,,,,,,,,,,,,,,,,,,,,,,,,,,,,,,,,,,,,,,,,,,,,,,,,,,,,,,,,,,,,,,,,,,,,,,,,64.79584823,67.78387482,68.25997236,69.98747878,73.04000307,75.28763741,77.76972586,78.90359941,81.96965946,83.99200792,85.581142,90.98005204,91.90759783,93.03480419,97.6050775,98.87834667,101.4305653,101.885666,103.1607647,103.9068011,104.6194782,104.99549,103.8333333,106.3512985,110.7031425,116.5440254,121.6569482,125.874032,
Kenya,Consumer price index (CPI),,,,,,,,,,,,,,,,,,,,,,,,,,,,,,,,,,,,,,,,,,,,,,,,,,,,,,,,,,,,,,,,,,,,,,,,,,,,,,,,,,,,,,,,,,,,,,,,,,,,,,,,,,,,,,,54.2790309,61.89030329,67.69423361,71.56464706,76.4869744,81.52146507,86.65507516,93.5923769,97.98167825,103.1155635,108.6891268,115.3277891,124.1617394,133.6866785,139.6889277,
Lesotho,Consumer price index (CPI),,,,,,,,,,,,,,,,,,,,,,,,,,,,,,,,,,,,,,,,,,,,,,,,,,,,,,,,,,,,,,,,,,,,,,,,,,,,,,,,,,,,,,,,,,,,,,,,,,,,,,,,,,51.71664332,54.85724964,59.25265203,65.6019684,54.5416792,53.22981953,55.91080887,59.29421603,62.1789502,65.5181399,67.62680528,72.08781081,75.29405992,78.87188533,82.96303596,87.09301616,92.3601805,100.0000335,106.3422531,112.8349222,
Liberia,Consumer price index (CPI),,,,,,,,,,,,,,,,,,,,,,,,,,,,,,,,,,,,,,,,,,,,,,,,,,,,,,,,,,,,,,,,,,,,,,,,,,,,,,,,,,,,,,,,,,,,,,,,,,,,,,,,,,,26.52683078,29.54873993,34.71665163,37.29528059,40.01407968,43.4105418,46.37625756,49.89032889,54.81007052,59.05713675,64.27439107,72.25703416,89.28333117,113.3597207,132.5806822,142.9426499,153.7962637,169.3211561,,
Libya,Consumer price index (CPI),,,,,,,,,,,,,,,,,,,,,,,,,,,,,,,,,,,,,,,,,,,,,,,,,,,,,,,,,,,,,,,,,,,,,,,,,,,,,,,,,,,,,,,,,,,,,,,,,,,,,,,,,,,,,,,106.0623688,122.5216379,129.946209,133.3323707,136.5762692,150.7833333,189.7666667,238.7333333,270.175,264.3333333,268.1583333,275.85,288.2916667,295.1333333,301.4083333,
Madagascar,Consumer price index (CPI),,,,,,,,,,,,,,,,,,,,,,,,,,,,,,,,,,,,,,,,,,,,,,,,,,,,,,,,,,,,,,,,,,,,,,,,,,,,,,,,,,,,,,,,,,,,,,,,,,,,,25.50871202,27.52822268,32.06997353,31.52349964,35.92285678,42.5196672,47.09718029,51.94252234,56.77136329,61.85479493,67.57470683,73.98250576,78.20975098,82.76658694,87.79913321,94.29994938,99.99166667,108.6,117.9333333,124.55,129.7833333,137.3266667,148.5333333,163.2,,
Malawi,Consumer price index (CPI),,,,,,,,,,,,,,,,,,,,,,,,,,,,,,,,,,,,,,,,,,,,,,,,,,,,,,,,,,,,,,,,,,,,,,,,,,,,,,,,,,,,,,,,,,,,,,,,,,,,,,,,,,,,,,,18.6039503,20.02209644,24.28104963,30.90572934,38.25884053,46.62503416,56.74784812,63.29847577,71.1602592,77.82857042,84.5416852,92.42954626,111.7972054,143.9833333,190.3166667,
Mali,Consumer price index (CPI),,,,,,,,,,,,,,,,,,,,,,,,,,,,,,,,,,,,,,,,,,,,,,,,,,,,,,,,,,,,,,,,,,,,,,,,,,,,,,,,,,,,,,,,,,,,,,,,,,,,,,,,,,,,,,,79.41868275,81.76601625,86.11852634,85.59601393,86.35252395,87.60523188,86.02864689,87.54262842,87.80485931,86.34882035,86.72710498,90.13166667,98.80366342,100.8378355,104.0710985,
Mauritania,Consumer price index (CPI),,,,,,,,,,,,,,,,,,,,,,,,,,,,,,,,,,,,,,,,,,,,,,,,,,,,,,,,,,,,,,,,,,,,,,,,,,,,,,,,,,,,,,,,,,,,,,,,,,,,,,,,,,,,,,,74.07291468,78.28493734,82.12279946,85.5137334,88.53610391,91.41771228,92.76311631,94.85425346,97.76377485,100.0124322,102.3984237,106.0490963,116.1505551,121.9035506,124.9409525,
Mauritius,Consumer price index (CPI),,,,,,,,,,,,,,,,,,,,,,,,,,,,,,,,,,,,,,,,,,,,,,,,,,,,,,,,,,,,,,,,,,,,,,,,,,,,,,,,,,,,,,,,,,,,,,,,,,,,,34.60449564,36.46945104,38.81054681,40.33232914,42.23213132,44.31720346,48.26741785,52.52812412,57.6403099,59.09059271,60.8233434,64.79054144,67.28637698,69.67053231,71.9123154,72.83750308,73.54961724,76.24667951,78.69881377,79.01805959,81.05735828,84.32277737,93.40750363,99.99551841,103.5777253,
Mozambique,Consumer price index (CPI),,,,,,,,,,,,,,,,,,,,,,,,,,,,,,,,,,,,,,,,,,,,,,,,,,,,,,,,,,,,,,,,,,,,,,,,,,,,,,,,,,,,,,,,,,,,,,,,,,,,,,,,,23.92643164,25.46431566,28.83708665,31.28520731,35.82244001,37.17961374,41.79938233,46.4669545,47.67623588,49.70788835,50.98028541,52.79047282,61.98553946,71.35354259,74.14441824,76.22246614,78.87800783,83.93288645,92.56068509,99.15746181,103.2016667,
Nigeria,Consumer price index (CPI),,,,,,,,,,,,,,,,,,,,,,,,,,,,,,,,,,,,,,,,,,,,,,,,,,,,,,,,,,,,,,,,,,,,,,,,,,,,,,,,,,,,,,,,,,,,,,,,,,,,,,,,,,66.8675,72.3675,76.26666667,85.09916667,95.76875358,108.9274303,120.7200633,135.4771751,146.9866634,158.8152842,173.123644,200.298538,233.3523359,261.5765495,291.3869179,329.9840973,385.9257922,458.6619509,571.765925,761.8329064,
Zimbabwe,Consumer price index (CPI),,,,,,,,,,,,,,,,,,,,,,,,,,,,,,,,,,,,,,,,,,,,,,,,,,,,,,,,,,,,,,,,,,,,,,,,,,,,,,,,,,,,,,,,,,,,,,,,,,,,,,,,,,,,,,1.852619292,1.90861786,1.974773031,2.048339777,2.081829117,2.077711575,2.027203063,1.995909745,2.013752426,2.227590095,7.914738783,52.01580712,103.2753591,211.41,,,
Morocco,Consumer price index (CPI),,,,,,,,,,,,,,,,,,,,,,,,,,,,,,,,,,,,,,,,,,,,,,,,,,,,,,,,,,,,,,,,,,,,,,,,,,,,,,,,,,,,,,,,,,,,,,,,,,,,,,,,,,,,86.61474147,89.83234323,90.70539054,91.60660066,92.43740374,93.62718627,95.38799032,95.80990099,97.30253025,98.89372937,99.640044,101.4374674,101.7452145,102.4635039,103.9,110.8166667,117.5666667,118.725,
Rwanda,Consumer price index (CPI),,,,,,,,,,,,,,,,,,,,,,,,,,,,,,,,,,,,,,,,,,,,,,,,,,,,,,,,,,,,,,,,,,,,,,,,,,,,,,,,,,,,,,,,,,,,,,,,,,,,,,,,,49.06827854,53.49133692,58.2428796,63.53175362,73.33992161,82.83333284,82.62945624,85.17458454,93.92288165,99.48712551,101.8295405,104.4043033,111.8946261,121.1589828,120.7819237,124.8255534,137.1213685,136.5847485,160.7455109,192.5563189,195.9651288,
Sao Tome and Principe,Consumer price index (CPI),,,,,,,,,,,,,,,,,,,,,,,,,,,,,,,,,,,,,,,,,,,,,,,,,,,,,,,,,,,,,,,,,,,,,,,,,,,,,,,,,,,,,,,,,,,,,,,,,,,,,,,,,,,,,,,64.16818394,73.36166667,81.16583333,87.745,93.88583333,98.81096994,104.1769191,110.1048944,118.768604,127.9378315,140.5004667,151.9340721,179.2907667,217.4060363,248.6079927,
Seychelles,Consumer price index (CPI),,,,,,,,,,,,,,,,,,,,,,,,,,,,,,,,,,,,,,,,,,,,,,,,,,,,,,,,,,,,,,,,,,,,,,,,,,,,,,,,,,,,,,,,,,,,,,,,,,,,,,,,,,,,48.86147791,66.92300512,88.17403114,86.05376422,88.25611043,94.53144698,98.63310831,100,104.0419441,102.985417,105.9275,109.8499089,111.835,113.18,124.2366667,127.4991667,126.1791667,126.5725,
Senegal,Consumer price index (CPI),,,,,,,,,,,,,,,,,,,,,,,,,,,,,,,,,,,,,,,,,,,,,,,,,,,,,,,,,,,,,,,,,,,,,,,,,,,,,,,,,,,,,,,,,,,,,,,,,,,,,60.78595423,62.59403295,64.05704445,64.0237367,64.35331923,65.45461898,66.83720763,70.74939277,75.94749383,74.24017786,75.15235296,77.7099591,78.81206406,79.37182318,78.50646785,78.61261797,79.27082958,80.31574052,80.68598455,82.10614785,84.19422777,86.0299337,94.37210065,99.97731079,100.7816316,
Somalia,Consumer price index (CPI),,,,,,,,,,,,,,,,,,,,,,,,,,,,,,,,,,,,,,,,,,,,,,,,,,,,,,,,,,,,,,,,,,,,,,,,,,,,,,,,,,,,,,,,,,,,,,,,,,,,,,,,,,,,,,,,,,,,100.912615,100.9367671,104.9304246,109.4067048,114.5581815,119.2701082,124.7862319,133.2458352,141.3791667,149.2925,
Namibia,Consumer price index (CPI),,,,,,,,,,,,,,,,,,,,,,,,,,,,,,,,,,,,,,,,,,,,,,,,,,,,,,,,,,,,,,,,,,,,,,,,,,,,,,,,,,,,,,,,,,,,,,,,,,,,,,,,,,62.19135337,65.2767702,69.5510157,75.87643233,83.0480652,87.09659184,91.45629465,97.60398474,103.0707107,108.5851686,112.270566,119.8247835,127.1889748,132.6474054,137.5850647,140.6248448,145.7111123,154.5722147,163.6609599,170.5986122,
Sudan,Consumer price index (CPI),,,,,,,,,,,,,,,,,,,,,,,,,,,,,,,,,,,,,,,,,,,,,,,,,,,,,,,,,,,,,,,,,,,,,,,,,,,,,,,,,,,,,,,,,,,,,,,,,22.36814726,32.91887507,41.02412051,48.06650376,51.48944397,52.48591698,64.15076724,68.31378772,74.91122339,81.28306025,87.13473334,99.99083333,114.2866452,127.1516171,143.6529298,169.6492505,229.9749248,313.9671601,429.8418983,502.5263176,591.7260146,783.1590023,1278.839971,1930.972285,5083.434815,23337.69547,55732.39121,,,
Sierra Leone,Consumer price index (CPI),,,,,,,,,,,,,,,,,,,,,,,,,,,,,,,,,,,,,,,,,,,,,,,,,,,,,,,,,,,,,,,,,,,,,,,,,,,,,,,,,,,,,,,,,,,,,,,,,,,,,,,,,,,,25.23,27.30166667,29.34083333,31.44916667,33.585,35.7975,37.775,39.5275,42.17166667,46.7625,55.28333333,64.145,73.64166667,83.54416667,93.46416667,118.8941667,175.5387639,225.8020947,
Eswatini,Consumer price index (CPI),,,,,,,,,,,,,,,,,,,,,,,,,,,,,,,,,,,,,,,,,,,,,,,,,,,,,,,,,,,,,,,,,,,,,,,,,,,,,,,,,,,,,,,,,,,,,,,,,,,,,,,,,,,42.26818636,45.68180241,51.46395836,55.29711452,57.79059243,61.32011076,66.80191209,70.55705214,74.56564442,78.25757211,84.39865868,89.64941598,93.96609065,96.40734491,,,,,,
Tanzania,Consumer price index (CPI),,,,,,,,,,,,,,,,,,,,,,,,,,,,,,,,,,,,,,,,,,,,,,,,,,,,,,,,,,,,,,,,,,,,,,,,,,,,,,,,,,,,,,,,,,,,,,,,,,,,,,,,,,,,,,,51.65360842,58.2089521,67.52302115,72.83757154,77.30369052,81.62355179,85.84737984,90.41335821,93.57281548,96.81444036,99.99991682,103.6908333,108.2016667,112.3125,115.7458333,
South Sudan,Consumer price index (CPI),,,,,,,,,,,,,,,,,,,,,,,,,,,,,,,,,,,,,,,,,,,,,,,,,,,,,,,,,,,,,,,,,,,,,,,,,,,,,,,,,,,,,,,,,,,,,,,,,,,,,,,,,,,,,0.205911043,0.216219514,0.218748464,0.321236879,0.467482852,0.467211287,0.475033801,0.725691706,3.483317183,10.0267853,18.39930438,34.45110852,44.67476558,49.37308372,46.07134716,47.16913722,90.30098406,
Togo,Consumer price index (CPI),,,,,,,,,,,,,,,,,,,,,,,,,,,,,,,,,,,,,,,,,,,,,,,,,,,,,,,,,,,,,,,,,,,,,,,,,,,,,,,,,,,,,,,,,,,,,,,,,,52.99475794,53.51163616,53.48316067,54.47934121,56.61470875,58.34701612,57.80438836,58.03160508,61.96784761,63.34909718,63.94817266,69.50835637,72.08962281,73.13199923,75.73806879,77.68997647,79.10812523,79.25912293,81.30710358,82.35210037,81.54481138,82.30168627,82.86619155,84.38060467,88.22732483,94.94771087,99.9823589,102.8520666,
Tunisia,Consumer price index (CPI),,,,,,,,,,,,,,,,,,,,,,,,,,,,,,,,,,,,,,,,,,,,,,,,,,,,,,,,,,,,,,,,,,,,,,,,,,,,,,,,,,,,,,,,,,,,,,,,,,,,,,,,,,67.72212094,69.90633093,71.98041284,75.10798199,77.86061691,80.46036705,83.06730581,86.89824064,91.51795559,95.7511653,100,103.6293994,109.1309271,117.1057697,124.9753657,132.0166667,139.55,151.1416667,165.2416667,177.15,
Uganda,Consumer price index (CPI),,,,,,,,,,,,,,,,,,,,,,,,,,,,,,,,,,,,,,,,,,,,,,,,,,,,,,,,,,,,,,,,,,,,,,,,,,,,,,,,,,,,,,,,,,,,,,,,,,,,,,,,,,,,,,,60.79770596,70.86845053,79.85388811,83.77088802,86.34743483,91.17398536,96.37671491,101.3976691,104.0502442,107.0339765,110.5803578,113.0181814,121.1507311,127.6334438,131.875189,
Burkina Faso,Consumer price index (CPI),,,,,,,,,,,,,,,,,,,,,,,,,,,,,,,,,,,,,,,,,,,,,,,,,,,,,,,,,,,,,,,,,,,,,,,,,,,,,,,,,,,,,,,,,,,,,,,,,,,,,,,,,,,,,,,94.34070546,96.94428935,100.6457701,101.1829553,100.9218127,101.6533333,102.1016667,103.6158333,105.6425,102.2266667,104.1530668,107.9583333,123.3858333,124.3024796,129.5121636,
Zambia,Consumer price index (CPI),,,,,,,,,,,,,,,,,,,,,,,,,,,,,,,,,,,,,,,,,,,,,,,,,,,,,,,,,,,,,,,,,,,,,,,,,,,,,,,,,,,,,,,,,,,,,,,,,,,,,,,,,,,,,,,108.175,115.13,122.7008333,131.2625,141.51,155.8175,183.6616667,195.7416667,210.4116667,229.665,265.7983333,324.3291667,359.9833333,399.1658333,458.9833333,
Solomon Islands,Consumer price index (CPI),,,,,,,,,,,,,,,,,,,,,,,,,,,,,,,,,,,,,,,,,,,,,,,,,,,,,,,,,,,,,,,,,,,,,,,,,,,,,,,,,,,,,,,,,,,,,,,,,,,,,,,,,,,,,,,,,,,99.59136126,99.01923947,99.52669884,100.0130726,103.475,105.1666667,108.2833333,108.1583333,114.12665,120.8439837,126.0666667,
Niger,Consumer price index (CPI),,,,,,,,,,,,,,,,,,,,,,,,,,,,,,,,,,,,,,,,,,,,,,,,,,,,,,,,,,,,,,,,,,,,,,,,,,,,,,,,,,,,,,,,,,,,,,,,,,,,,,,,,,,,,,,79.19225178,81.52239283,81.89339294,83.77467347,82.99532836,82.51720026,83.88194335,86.22759552,88.7864888,86.57588933,89.08502635,92.50399209,96.41341238,99.9816469,109.051502,
Fiji,Consumer price index (CPI),,,,,,,,,,,,,,,,,,,,,,,,,,,,,,,,,,,,,,,,,,,,,,,,,,,,,,,,,,,,,,,,,,,,,,,,,,,,,,,,,,,,,,,,,,,,,,,,,,,,,,,,,,,,,81.48209979,84.03333333,87.13333333,93.475,96.675,99.49166667,100.0083333,101.3833333,105.3,108.825,113.2666667,115.275,112.2833333,112.4583333,117.3166667,120.0666667,125.4833333,
Kiribati,Consumer price index (CPI),,,,,,,,,,,,,,,,,,,,,,,,,,,,,,,,,,,,,,,,,,,,,,,,,,,,,,,,,,,,,,,,,,,,,,,,,,,,,,,,,,,,,,,,,,,,,,,,,,,,,,,,,,,67.72560298,70.15865971,79.74612086,87.57435004,84.15934412,85.41955438,82.81779184,81.58541417,83.30195922,83.77845954,85.38475308,85.68831371,86.17162193,84.60926152,86.76954372,88.55145762,93.28537817,101.9451286,,
Vanuatu,Consumer price index (CPI),,,,,,,,,,,,,,,,,,,,,,,,,,,,,,,,,,,,,,,,,,,,,,,,,,,,,,,,,,,,,,,,,,,,,,,,,,,,,,,,,,,,,,,,,,,,,,,,,,,97.55,99.5,102.025,105.675,107.75,111,112.575,113.925,116.25,120.825,126.675,132.118308,135.7683335,136.9546678,138.8,140.825,141.95,145.475,146.7,151.225,154.75,159.025,167.5,171.425,182.875,203.325,,
Papua New Guinea,Consumer price index (CPI),,,,,,,,,,,,,,,,,,,,,,,,,,,,,,,,,,,,,,,,,,,,,,,,,,,,,,,,,,,,,,,,,,,,,,,,,,,,,,,,,,,,,,,,,,,,,,,,,,,,,,,,,,,,,,,92.325,96.425,100.8,105.8,111.325,118,125.875,132.7,138.5049472,143.9463535,150.9589506,157.7273312,166.0131252,169.8292688,170.852327,
New Caledonia,Consumer price index (CPI),,,,,,,,,,,,,,,,,,,,,,,,,,,,,,,,,,,,,,,,,,,,,,,,,,,,,,,,,,,,,,,,,,,,,,,,,,,,,,,,,,,,,,,,,,,,,,,,,,,,,,,,,,,,,,,99.32083333,101.7333333,103.5133333,104.8358333,105.0233333,105.6225,106.2333333,,,,,,,,,
Samoa,Consumer price index (CPI),,,,,,,,,,,,,,,,,,,,,,,,,,,,,,,,,,,,,,,,,,,,,,,,,,,,,,,,,,,,,,,,,,,,,,,,,,,,,,,,,,,,,,,,,,,,,,,,,,,,,,,,,,70.36920115,72.97292268,77.04266923,85.95335258,91.38986205,92.09996792,96.9217843,98.90772991,99.51115185,99.10632447,99.8243202,101.1267468,102.8963604,107.2153929,108.2685982,106.5699586,109.9090136,121.9571102,131.6181218,134.4774667,
"Micronesia, Fed. Sts.",Consumer price index (CPI),,,,,,,,,,,,,,,,,,,,,,,,,,,,,,,,,,,,,,,,,,,,,,,,,,,,,,,,,,,,,,,,,,,,,,,,,,,,,,,,,,,,,,,,,,,,,,,,,,,,63.75519112,65.13135847,65.45864182,65.38569312,65.46849975,66.95901911,69.80993312,73.04727808,75.46247148,81.81922306,87.05041901,89.93501713,94.50604895,99.24883835,100.9880029,101.6447126,101.3416937,100.2903059,100.87425,102.38575,104.3555,104.93425,108.283,114.13975,,,
Tonga,Consumer price index (CPI),,,,,,,,,,,,,,,,,,,,,,,,,,,,,,,,,,,,,,,,,,,,,,,,,,,,,,,,,,,,,,,,,,,,,,,,,,,,,,,,,,,,,,,,,,,,,,,,,,,,,,,,,,60.96748701,64.71644855,68.49734445,75.65325347,76.73271927,79.44515368,84.42696306,85.39579499,86.05814982,88.21896354,87.28913714,89.53958653,96.27033351,101.11475,102.3074423,101.9496346,107.7001154,119.5162885,127.1069231,131.1535577,
Azerbaijan,Consumer price index (CPI),,,,,,,,,,,,,,,,,,,,,,,,,,,,,,,,,,,,,,,,,,,,,,,,,,,,,,,,,,,,,,,,,,,,,,,,,,,,,,,,,,,,,,,,,,,,,,,,,,,,,,,,,,61.02034247,66.10268093,77.14166667,93.225,94.58333333,100,107.8583333,109.0083333,111.6416667,113.175,117.7333333,132.3833333,149.5083333,152.9,156.8915643,161.2214726,171.9431828,195.7611978,212.9596618,217.6706955,
Belarus,Consumer price index (CPI),,,,,,,,,,,,,,,,,,,,,,,,,,,,,,,,,,,,,,,,,,,,,,,,,,,,,,,,,,,,,,,,,,,,,,,,,,,,,,,,,,,,,,,,,,,,,,,,,,,,,,,,,,8.468342863,9.060883741,9.824422009,11.28215761,12.74270696,13.72845067,21.03592626,33.49334626,39.62673526,46.80692309,53.1420013,59.43219721,63.01705062,66.08743177,69.78710926,73.65899828,80.62734863,92.89050654,97.53558831,103.1783333,
Albania,Consumer price index (CPI),,,,,,,,,,,,,,,,,,,,,,,,,,,,,,,,,,,,,,,,,,,,,,,,,,,,,,,,,,,,,,,,,,,,,,,,,,,,,,,,,,,,,,,,,,,,,,,,,,,,,,,,,,,,75.78333333,78.3,80.075,82.9785571,85.82399409,87.56758808,89.26431588,90.71563319,92.43575946,93.61471442,95.47452176,97.41080199,98.78535685,100.3865555,102.4359185,109.3249417,114.5285512,117.0647739,
Georgia,Consumer price index (CPI),,,,,,,,,,,,,,,,,,,,,,,,,,,,,,,,,,,,,,,,,,,,,,,,,,,,,,,,,,,,,,,,,,,,,,,,,,,,,,,,,,,,,,,,,,,,,,,,,,,,,,,,,,69.96351667,76.37285,83.43344167,91.77635833,93.36180833,100,108.5429333,107.5186583,106.9681,110.25075,114.664725,117.1127333,124.1808583,127.4284917,133.6124667,140.5636083,154.0112083,172.3357167,176.6230167,178.5830333,
Kazakhstan,Consumer price index (CPI),,,,,,,,,,,,,,,,,,,,,,,,,,,,,,,,,,,,,,,,,,,,,,,,,,,,,,,,,,,,,,,,,,,,,,,,,,,,,,,,,,,,,,,,,,,,,,,,,,,,,,,,,,31.63549094,34.39464161,38.12537205,44.66002261,47.92738496,51.47423362,55.82530151,58.7258076,62.21578763,66.47722675,70.91676598,81.10118958,87.13727798,92.50812568,97.44210299,202.0201516,217.9592771,251.0663333,288.036,313.8288092,
Kyrgyzstan,Consumer price index (CPI),,,,,,,,,,,,,,,,,,,,,,,,,,,,,,,,,,,,,,,,,,,,,,,,,,,,,,,,,,,,,,,,,,,,,,,,,,,,,,,,,,,,,,,,,,,,,,,,,,,,,,,,92.05402131,95.83804071,99.99614079,105.5480499,116.3457243,144.8738151,154.778204,167.1105014,194.9115497,200.3075636,213.5554091,229.6452018,244.5797604,245.5307802,253.3271433,257.2351235,260.1511989,276.6068626,309.5370197,352.6335782,390.5532439,,
Bulgaria,Consumer price index (CPI),,,,,,,,,,,,,,,,,,,,,,,,,,,,,,,,,,,,,,,,,,,,,,,,,,,,,,,,,,,,,,,,,,,,,,,,,,,,,,,,,,,,,,,,,,,,,,,,100,221.6075424,2567.043177,3046.366727,3124.751047,3447.108556,3700.848124,3915.872716,4007.842536,4254.209856,4468.572602,4793.06223,5195.800923,5837.41581,5998.131673,6144.425541,6403.714367,6592.916481,6651.599605,6557.267697,6550.406614,6498.091799,6632.056212,6818.718401,7030.352972,7147.931476,7383.651982,8515.215767,9319.294087,9547.292427,
Moldova,Consumer price index (CPI),,,,,,,,,,,,,,,,,,,,,,,,,,,,,,,,,,,,,,,,,,,,,,,,,,,,,,,,,,,,,,,,,,,,,,,,,,,,,,,,,,,,,,,,,,,,0.003361459,0.037877806,0.649075599,3.806345631,4.943133988,6.105051111,6.823788549,7.348931292,10.23382634,13.43694251,14.74901465,15.53089588,17.35516722,19.52877641,21.86425865,24.65802023,27.70751873,31.24938395,31.22978477,33.56697529,36.14735294,37.79073244,39.52830458,41.53981523,45.55930758,48.45656472,51.64027246,53.21274663,55.78706411,57.88798889,60.84398769,78.32890556,88.83830299,92.99392353,
Russia,Consumer price index (CPI),,,,,,,,,,,,,,,,,,,,,,,,,,,,,,,,,,,,,,,,,,,,,,,,,,,,,,,,,,,,,,,,,,,,,,,,,,,,,,,,,,,,,,,,,,,,,0.053595785,0.522154642,2.128942667,6.33177925,9.35533125,10.7363025,13.70872083,25.46346833,30.75955417,37.36578583,43.26536917,49.17684333,54.53152083,61.44901,67.3903025,73.46034833,83.8261675,93.5896775,100.0000017,108.4404667,113.9435417,121.6389583,131.155275,151.5294667,162.20085,168.1752417,173.015825,180.7502667,186.862625,199.3720667,,,,
Tajikistan,Consumer price index (CPI),,,,,,,,,,,,,,,,,,,,,,,,,,,,,,,,,,,,,,,,,,,,,,,,,,,,,,,,,,,,,,,,,,,,,,,,,,,,,,,,,,,,,,,,,,,,,,,,,,,,,100,138.5918894,155.5693748,180.9326142,193.8547583,207.6028068,228.3856439,258.416357,311.315534,331.3898907,352.749011,396.6011773,419.7276504,440.7545217,467.6600626,494.3847751,524.0705085,,,,,,,,,
China,Consumer price index (CPI),,,,,,,,,,,,,,,,,,,,,,,,,,,,,,,,,,,,,,,,,,,,,,,,,,,,,,,,,,,,,,,,,,,,,,,,,,,,,,,,,,,,,,,,,,,,,,39.82086583,49.48020917,57.7885425,62.59259667,64.3367175,63.839275,62.944585,63.16351333,63.61773833,63.152075,63.86418,66.30675333,67.48463583,68.59774833,71.9019425,76.16231333,75.60772583,78.00851667,82.34103083,84.49797417,86.71270833,88.37901583,89.64904333,91.44202583,92.89882167,94.8262775,97.57551333,99.93627667,100.9166667,102.9083333,103.15,103.375,
Ukraine,Consumer price index (CPI),,,,,,,,,,,,,,,,,,,,,,,,,,,,,,,,,,,,,,,,,,,,,,,,,,,,,,,,,,,,,,,,,,,,,,,,,,,,,,,,,,,,,,,,,,,,,,,,,,,,,,,,,,49.34166667,53.80833333,60.71666667,76.03333333,88.10833333,96.36666667,104.0333333,104.625,104.375,116.975,173.9416667,198.1416667,226.75,251.5833333,271.425,278.8416667,304.95,366.5,413.5916667,440.4833333,
Uzbekistan,Consumer price index (CPI),,,,,,,,,,,,,,,,,,,,,,,,,,,,,,,,,,,,,,,,,,,,,,,,,,,,,,,,,,,,,,,,,,,,,,,,,,,,,,,,,,,,,,,,,,,,,,,,,,,,,,,,,,,,,,,31.2234772,35.52599263,40.21855089,44.9810038,49.15663246,53.45876292,57.80543436,65.82636761,77.36189852,88.59928363,100,110.8492398,123.5377573,135.8379061,148.9167257,
Czech Republic,Consumer price index (CPI),,,,,,,,,,,,,,,,,,,,,,,,,,,,,,,,,,,,,,,,,,,,,,,,,,,,,,,,,,,,,,,,,,,,,,,,,,,,,,,,,,,,,,,,,,,,32.4515625,36.049305,43.5522575,47.92465583,52.23333333,56.80833333,61.69166667,68.29166667,69.75,72.38333333,75.75833333,77.2,77.29166667,79.425,80.9,82.95,85.31666667,90.74166667,91.66666667,93.01666667,94.8,97.91666667,99.325,99.66666667,99.975,100.6583333,103.125,105.3416667,108.3416667,111.7666667,116.0583333,133.5833333,147.825,151.425,
Slovakia,Consumer price index (CPI),,,,,,,,,,,,,,,,,,,,,,,,,,,,,,,,,,,,,,,,,,,,,,,,,,,,,,,,,,,,,,,,,,,,,,,,,,,,,,,,,,,,,,,,,,,,39.26287083,43.147345,53.19507917,60.33147583,66.26875417,70.09632333,74.4016325,79.36098583,87.7497925,98.311165,105.517,108.8166667,118.125,127.0416667,130.4833333,136.3333333,140.0916667,146.5333333,148.9,150.325,156.2166667,161.85,164.1166667,163.9916667,163.4583333,162.6083333,164.7416667,168.8833333,173.3833333,176.7416667,182.3083333,205.5966667,227.25,233.5166667,
Estonia,Consumer price index (CPI),,,,,,,,,,,,,,,,,,,,,,,,,,,,,,,,,,,,,,,,,,,,,,,,,,,,,,,,,,,,,,,,,,,,,,,,,,,,,,,,,,,,,,,,,,,,,,,,,,,108.2083333,111.775,116.2666667,122.95,127.3416667,129.0416667,132.975,138.4,144.5416667,154.0833333,170.05,169.9166667,174.9666667,183.6833333,190.9083333,196.2166667,196.0083333,195.0433333,195.3333333,202.0083333,208.95,213.7083333,212.7583333,222.6583333,265.8501833,290.2,300.4166667,
Armenia,Consumer price index (CPI),,,,,,,,,,,,,,,,,,,,,,,,,,,,,,,,,,,,,,,,,,,,,,,,,,,,,,,,,,,,,,,,,,,,,,,,,,,,,,,,,,,,,,,,,,,,,,,,,,,,,,,,,,,,,,,99.57134413,107.18856,109.9304649,116.2950736,119.7621887,124.2313438,122.4876232,123.675206,126.7921104,128.6222868,130.1804632,139.5337164,151.5907007,154.5928314,155.0094776,
Latvia,Consumer price index (CPI),,,,,,,,,,,,,,,,,,,,,,,,,,,,,,,,,,,,,,,,,,,,,,,,,,,,,,,,,,,,,,,,,,,,,,,,,,,,,,,,,,,,,,,,,,,,1.050715308,11.05033292,23.09404,31.39050583,39.23057833,46.1392675,50.03682833,52.36064583,53.59888,55.02153083,56.38993833,57.48326917,59.17479917,62.83913083,67.07979833,71.4642675,78.67714,90.79524417,94.004045,92.98444333,97.0485475,99.23969917,99.21046833,99.82606,99.99999917,100.1406325,103.0751167,105.6875083,108.6588167,108.89685,112.464125,131.9319833,143.724125,145.5433833,
Montenegro,Consumer price index (CPI),,,,,,,,,,,,,,,,,,,,,,,,,,,,,,,,,,,,,,,,,,,,,,,,,,,,,,,,,,,,,,,,,,,,,,,,,,,,,,,,,,,,,,,,,,,,,,,,,,,,,,,,,,,,,,,90.06911983,93.17663337,97.0390352,99.17961217,98.47492709,100,99.72861498,102.1023914,104.7685133,105.1473182,104.8785031,107.4069161,121.4131041,131.8361388,136.2351812,
Hungary,Consumer price index (CPI),,,,,,,,,,,,,,,,,,,,,,,,,,,,,,,,,,,,,,,,,,,,,,,,,,,,,,,,,,,,,,,,,,,,,,,,,,,,,,,,,4.0400635,4.228387583,4.517431917,4.84629625,5.256673583,5.62161,5.919086583,6.43252675,7.44394825,8.72052225,11.1944995,15.09214917,18.66230583,22.85465,27.1668825,34.85659583,43.03710083,50.91507417,58.12148667,63.93232417,70.2,76.6,80.63333333,84.39166667,90.08333333,93.29166667,96.95833333,104.675,111,115.675,121.2916667,126.0583333,133.1833333,135.4916667,135.1833333,135.1,135.6333333,138.8183333,142.775,147.5416667,152.45,160.2416667,183.65,215.1,223.0666667,
Lithuania,Consumer price index (CPI),,,,,,,,,,,,,,,,,,,,,,,,,,,,,,,,,,,,,,,,,,,,,,,,,,,,,,,,,,,,,,,,,,,,,,,,,,,,,,,,,,,,,,,,,,,,0.346458333,3.882483333,19.81820833,34.13779167,47.67261667,59.41209167,64.68850833,67.96663333,68.461125,69.13315,70.07828333,70.27555833,69.47841667,70.28721667,72.15579167,74.85378333,79.148275,87.795925,91.70551667,92.91530833,96.75296667,99.74261667,100.7874,100.891975,99.99999167,100.9055167,104.6621167,107.485825,109.9950917,111.3149167,116.5284,139.490375,152.2081583,153.2975667,
Mongolia,Consumer price index (CPI),,,,,,,,,,,,,,,,,,,,,,,,,,,,,,,,,,,,,,,,,,,,,,,,,,,,,,,,,,,,,,,,,,,,,,,,,,,,,,,,,,,,,,,,,,,,,,,,,,,,,,,,,,,29.62366071,32.47670455,41.55578328,44.72212865,49.21500609,53.35458604,61.00047687,67.39982752,75.65898945,79.99854911,80.58515625,84.05147119,89.78735194,96.34278894,100,107.3528124,123.6145693,136.4056896,145.6851627,
Croatia,Consumer price index (CPI),,,,,,,,,,,,,,,,,,,,,,,,,,,,,,,,,,,,,,,,,,,,,,,,,,,,,,,,,,,,,,,,,,,,,,,,,,,,,,,,,,,,,,,,,,,,,,,,,,,,,,,,,,79.94166667,82.49166667,84.88333333,90.04166667,92.18333333,93.13333333,95.25,98.5,100.6833333,100.4666667,100,98.875,99.99166667,101.4916667,102.275,102.4333333,105.05,116.375,125.6166667,129.35,
Slovenia,Consumer price index (CPI),,,,,,,,,,,,,,,,,,,,,,,,,,,,,,,,,,,,,,,,,,,,,,,,,,,,,,,,,,,,,,,,,,,,,,,,,,,,,,,,,4.00E-04,5.71E-04,7.42E-04,0.001041005,0.001599733,0.002870023,0.005621988,0.0130471,0.038978697,0.538468669,3.5112655,7.54335475,23.37940083,30.80519667,37.2717675,42.2899375,46.4616075,50.34564917,54.31850833,57.66213167,62.80083333,68.06333333,73.155,77.21083333,79.985,81.94583333,83.96,87.03083333,91.94583333,92.7175,94.3875,96.08916667,98.585,100.3291667,100.5291667,100.0008333,99.94583333,101.3741667,103.1366667,104.8183333,104.7608333,106.7691667,116.2008333,124.8541667,127.3083333,
Macedonia,Consumer price index (CPI),,,,,,,,,,,,,,,,,,,,,,,,,,,,,,,,,,,,,,,,,,,,,,,,,,,,,,,,,,,,,,,,,,,,,,,,,,,,,,,,,,,,,,,,,,,,,,,,,,,,,,,86.00583333,86.74166667,86.3525,86.80629616,89.59592873,91.6134122,99.24654704,98.51248587,100,103.9047542,107.3502937,110.34,110.0291667,109.6991667,109.4366667,110.9158333,112.5333333,113.3958333,114.7566667,118.4641667,135.2916667,147.9575,153.1208333,
Bosnia and Herzegovina,Consumer price index (CPI),,,,,,,,,,,,,,,,,,,,,,,,,,,,,,,,,,,,,,,,,,,,,,,,,,,,,,,,,,,,,,,,,,,,,,,,,,,,,,,,,,,,,,,,,,,,,,,,,,,,,,,,,,82.04105871,87.06653803,88.3732127,94.9367293,94.57457959,96.46248904,100.0038682,102.0566221,101.9616628,101.0468688,100,98.4159,99.2132,100.6191583,101.185425,100.1216667,102.1057167,116.4218,123.5304,125.6206917,
Poland,Consumer price index (CPI),,,,,,,,,,,,,,,,,,,,,,,,,,,,,,,,,,,,,,,,,,,,,,,,,,,,,,,,,,,,,,,,,,,,,,,,,,,,,,,,,,,,,,,,,,1.188037883,7.934653167,14.02604667,20.4918525,28.066495,37.32599,47.7591225,57.213025,65.74529417,73.37033833,78.61930583,86.402755,91.07570583,92.810955,93.44457667,96.60547667,98.71514583,99.98333333,102.4416667,106.7083333,110.7583333,113.6166667,118.4333333,122.65,123.8666667,123.9333333,122.85,122.0333333,124.5666667,126.825,129.65,134.025,140.8,161.1166667,179.6916667,186.5030751,
Kosovo,Consumer price index (CPI),,,,,,,,,,,,,,,,,,,,,,,,,,,,,,,,,,,,,,,,,,,,,,,,,,,,,,,,,,,,,,,,,,,,,,,,,,,,,,,,,,,,,,,,,,,,,,,,,,,,,,,,,,77.12515684,77.60460302,80.98699727,88.55961976,86.42509911,89.43313129,95.99431937,98.37184698,100.1103965,100.5398279,100,100.2731694,101.7654691,102.8378713,105.5898046,105.7991131,109.3472888,122.010263,128.0428462,130.116436,
Romania,Consumer price index (CPI),,,,,,,,,,,,,,,,,,,,,,,,,,,,,,,,,,,,,,,,,,,,,,,,,,,,,,,,,,,,,,,,,,,,,,,,,,,,,,,,,,,,,,,,,,,,,,,,,,,,,28.00416667,37.65916667,46.1475,53.19583333,59.5125,64.8775,69.1325,72.47666667,78.16666667,82.53416667,87.56166667,92.63083333,95.72,99.53416667,100.5975,99.99979348,98.455,99.77333333,104.3883333,108.3841667,111.2358333,116.8558333,132.9766667,146.8025,155.2016667,
Serbia,Consumer price index (CPI),,,,,,,,,,,,,,,,,,,,,,,,,,,,,,,,,,,,,,,,,,,,,,,,,,,,,,,,,,,,,,,,,,,,,,,,,,,,,,,,,,,,,,,,,,,,,,,,,,,,,,,,,,,,106.4916667,119.7083333,129.425,137.375,152.675,163.8666667,176.475,180.15,182.6583333,184.7083333,190.4916667,194.225,197.8166667,200.9333333,209.1416667,234.2,263.175,275.4666667,
